CUSEC,vivienda turistica,plazas,plazas por vivienda turistica,Porcentaje vivienda turistica,PERIODO,PROV,MUN_LITERAL
0800101009,0,0,0.0,0.0,2025M11,8,Abrera
0800101007,3,17,5.6666665,0.23041475,2025M11,8,Abrera
0800101001,0,0,0.0,0.0,2025M11,8,Abrera
0800101003,1,14,14.0,0.32467532,2025M11,8,Abrera
0800101002,0,0,0.0,0.0,2025M11,8,Abrera
0800101005,0,0,0.0,0.0,2025M11,8,Abrera
0800101008,0,0,0.0,0.0,2025M11,8,Abrera
0800101004,3,8,2.6666667,0.36014405,2025M11,8,Abrera
0800201001,2,20,10.0,1.3245033,2025M11,8,Aguilar de Segarra
0800301004,15,96,6.4,1.633987,2025M11,8,Alella
0800301005,3,21,7.0,0.0,2025M11,8,Alella
0800301002,14,89,6.357143,1.3986014,2025M11,8,Alella
0800301001,4,29,7.25,0.34129694,2025M11,8,Alella
0800301003,9,51,5.6666665,1.0380623,2025M11,8,Alella
0800401001,9,50,5.5555553,3.7344398,2025M11,8,Alpens
0800501004,0,0,0.0,0.0,2025M11,8,"Ametlla del Vallès, L'"
0800501005,0,0,0.0,0.0,2025M11,8,"Ametlla del Vallès, L'"
0800501002,2,4,2.0,0.25510204,2025M11,8,"Ametlla del Vallès, L'"
0800501003,7,34,4.857143,0.6986028,2025M11,8,"Ametlla del Vallès, L'"
0800501001,4,21,5.25,0.38387716,2025M11,8,"Ametlla del Vallès, L'"
0800602001,14,56,4.0,1.432958,2025M11,8,Arenys de Mar
0800601004,17,108,6.352941,1.4834206,2025M11,8,Arenys de Mar
0800601002,4,19,4.75,0.39177278,2025M11,8,Arenys de Mar
0800602002,13,52,4.0,1.2858555,2025M11,8,Arenys de Mar
0800601001,17,64,3.764706,1.1913104,2025M11,8,Arenys de Mar
0800602004,1,4,4.0,0.16778524,2025M11,8,Arenys de Mar
0800601003,0,0,0.0,0.0,2025M11,8,Arenys de Mar
0800602005,0,0,0.0,0.0,2025M11,8,Arenys de Mar
0800602003,14,80,5.714286,1.5748031,2025M11,8,Arenys de Mar
0800701003,5,20,4.0,0.0,2025M11,8,Arenys de Munt
0800701001,4,16,4.0,0.50825924,2025M11,8,Arenys de Munt
0800702002,3,12,4.0,0.2749771,2025M11,8,Arenys de Munt
0800702001,20,107,5.35,1.8066847,2025M11,8,Arenys de Munt
0800701002,0,0,0.0,0.0,2025M11,8,Arenys de Munt
0800801001,4,32,8.0,2.366864,2025M11,8,Argençola
0800901005,1,4,4.0,0.2375297,2025M11,8,Argentona
0800902003,1,4,4.0,0.18050541,2025M11,8,Argentona
0800901002,1,4,4.0,0.1303781,2025M11,8,Argentona
0800901001,4,16,4.0,1.0928962,2025M11,8,Argentona
0800901003,1,4,4.0,0.30864197,2025M11,8,Argentona
0800901006,6,33,5.5,0.7490637,2025M11,8,Argentona
0800901004,21,112,5.3333335,2.5925925,2025M11,8,Argentona
0800902001,1,4,4.0,0.19417475,2025M11,8,Argentona
0800902002,1,4,4.0,0.15037595,2025M11,8,Argentona
0801001001,1,4,4.0,0.15455951,2025M11,8,Artés
0801002001,0,0,0.0,0.0,2025M11,8,Artés
0801002003,1,6,6.0,0.13550135,2025M11,8,Artés
0801002002,3,15,5.0,0.5319149,2025M11,8,Artés
0801101001,16,103,6.4375,1.4453478,2025M11,8,Avià
0801201001,3,23,7.6666665,0.26954177,2025M11,8,Avinyó
0801301001,11,69,6.2727275,1.2249444,2025M11,8,Avinyonet del Penedès
0801401001,11,83,7.5454545,0.84745765,2025M11,8,Aiguafreda
0801509058,2,8,4.0,0.29325512,2025M11,8,Badalona
0801509057,2,6,3.0,0.3809524,2025M11,8,Badalona
0801509043,1,2,2.0,0.1577287,2025M11,8,Badalona
0801509052,0,0,0.0,0.0,2025M11,8,Badalona
0801509045,0,0,0.0,0.0,2025M11,8,Badalona
0801509053,0,0,0.0,0.0,2025M11,8,Badalona
0801509042,0,0,0.0,0.0,2025M11,8,Badalona
0801509059,2,6,3.0,0.35906643,2025M11,8,Badalona
0801509047,2,7,3.5,0.4950495,2025M11,8,Badalona
0801509032,4,13,3.25,0.9708738,2025M11,8,Badalona
0801509033,0,0,0.0,0.0,2025M11,8,Badalona
0801509031,2,8,4.0,0.46948355,2025M11,8,Badalona
0801509024,0,0,0.0,0.0,2025M11,8,Badalona
0801509034,1,2,2.0,0.14084508,2025M11,8,Badalona
0801509026,0,0,0.0,0.0,2025M11,8,Badalona
0801509023,0,0,0.0,0.0,2025M11,8,Badalona
0801509025,0,0,0.0,0.0,2025M11,8,Badalona
0801509022,3,14,4.6666665,0.51993066,2025M11,8,Badalona
0801509020,0,0,0.0,0.0,2025M11,8,Badalona
0801509027,1,2,2.0,0.2512563,2025M11,8,Badalona
0801509019,4,7,1.75,0.7782101,2025M11,8,Badalona
0801509021,2,3,1.5,0.32102728,2025M11,8,Badalona
0801509018,1,10,10.0,0.15151516,2025M11,8,Badalona
0801509016,2,6,3.0,0.3030303,2025M11,8,Badalona
0801509012,1,2,2.0,0.15698586,2025M11,8,Badalona
0801509009,0,0,0.0,0.0,2025M11,8,Badalona
0801509010,0,0,0.0,0.0,2025M11,8,Badalona
0801509006,0,0,0.0,0.0,2025M11,8,Badalona
0801509013,0,0,0.0,0.0,2025M11,8,Badalona
0801509003,3,16,5.3333335,0.6451613,2025M11,8,Badalona
0801509002,2,4,2.0,0.33783785,2025M11,8,Badalona
0801509011,0,0,0.0,0.0,2025M11,8,Badalona
0801509005,0,0,0.0,0.0,2025M11,8,Badalona
0801507030,1,2,2.0,0.14619882,2025M11,8,Badalona
0801508013,0,0,0.0,0.0,2025M11,8,Badalona
0801508012,1,3,3.0,0.10764263,2025M11,8,Badalona
0801508009,2,3,1.5,0.36832413,2025M11,8,Badalona
0801508014,0,0,0.0,0.0,2025M11,8,Badalona
0801509001,12,55,4.5833335,1.5978695,2025M11,8,Badalona
0801508003,0,0,0.0,0.0,2025M11,8,Badalona
0801508004,1,1,1.0,0.33783785,2025M11,8,Badalona
0801508011,0,0,0.0,0.0,2025M11,8,Badalona
0801508005,0,0,0.0,0.0,2025M11,8,Badalona
0801508006,1,1,1.0,0.15360983,2025M11,8,Badalona
0801508008,2,3,1.5,0.2528445,2025M11,8,Badalona
0801507031,0,0,0.0,0.0,2025M11,8,Badalona
0801507022,1,17,17.0,0.28735632,2025M11,8,Badalona
0801507023,4,14,3.5,0.43383947,2025M11,8,Badalona
0801507024,0,0,0.0,0.0,2025M11,8,Badalona
0801507029,2,4,2.0,0.25188917,2025M11,8,Badalona
0801507008,9,22,2.4444444,1.5544041,2025M11,8,Badalona
0801507021,0,0,0.0,0.0,2025M11,8,Badalona
0801507014,5,18,3.6,0.66050196,2025M11,8,Badalona
0801507010,3,11,3.6666667,0.8,2025M11,8,Badalona
0801507017,1,2,2.0,0.08264463,2025M11,8,Badalona
0801507020,0,0,0.0,0.0,2025M11,8,Badalona
0801507015,0,0,0.0,0.0,2025M11,8,Badalona
0801508007,1,2,2.0,0.17889088,2025M11,8,Badalona
0801507007,4,8,2.0,0.9546539,2025M11,8,Badalona
0801507005,2,6,3.0,0.5235602,2025M11,8,Badalona
0801504017,1,8,8.0,0.0,2025M11,8,Badalona
0801507009,0,0,0.0,0.0,2025M11,8,Badalona
0801507006,0,0,0.0,0.0,2025M11,8,Badalona
0801507011,1,6,6.0,0.106496274,2025M11,8,Badalona
0801507001,6,27,4.5,0.7802341,2025M11,8,Badalona
0801507003,0,0,0.0,0.0,2025M11,8,Badalona
0801508002,0,0,0.0,0.0,2025M11,8,Badalona
0801505001,4,10,2.5,0.37700284,2025M11,8,Badalona
0801507002,0,0,0.0,0.0,2025M11,8,Badalona
0801505002,2,6,3.0,0.5730659,2025M11,8,Badalona
0801507028,1,5,5.0,0.1267427,2025M11,8,Badalona
0801507013,5,22,4.4,0.5399568,2025M11,8,Badalona
0801506004,1,1,1.0,0.19646366,2025M11,8,Badalona
0801507018,0,0,0.0,0.0,2025M11,8,Badalona
0801506005,0,0,0.0,0.0,2025M11,8,Badalona
0801506003,0,0,0.0,0.0,2025M11,8,Badalona
0801506002,6,46,7.6666665,0.8888889,2025M11,8,Badalona
0801506006,0,0,0.0,0.0,2025M11,8,Badalona
0801505004,2,6,3.0,0.21164021,2025M11,8,Badalona
0801506001,0,0,0.0,0.0,2025M11,8,Badalona
0801505008,4,8,2.0,0.0,2025M11,8,Badalona
0801505005,1,2,2.0,0.11160714,2025M11,8,Badalona
0801504016,0,0,0.0,0.0,2025M11,8,Badalona
0801505006,2,4,2.0,0.34602076,2025M11,8,Badalona
0801504006,0,0,0.0,0.0,2025M11,8,Badalona
0801505003,4,10,2.5,0.3058104,2025M11,8,Badalona
0801504007,1,2,2.0,0.18587361,2025M11,8,Badalona
0801504009,0,0,0.0,0.0,2025M11,8,Badalona
0801504011,3,21,7.0,0.42075735,2025M11,8,Badalona
0801504015,0,0,0.0,0.0,2025M11,8,Badalona
0801509008,0,0,0.0,0.0,2025M11,8,Badalona
0801504012,0,0,0.0,0.0,2025M11,8,Badalona
0801509014,1,5,5.0,0.14245014,2025M11,8,Badalona
0801509004,2,4,2.0,0.3241491,2025M11,8,Badalona
0801507004,3,8,2.6666667,0.52724075,2025M11,8,Badalona
0801504005,0,0,0.0,0.0,2025M11,8,Badalona
0801509017,1,2,2.0,0.13947001,2025M11,8,Badalona
0801509015,4,33,8.25,0.5706134,2025M11,8,Badalona
0801504010,0,0,0.0,0.0,2025M11,8,Badalona
0801503003,2,4,2.0,0.21164021,2025M11,8,Badalona
0801504004,1,1,1.0,0.111856826,2025M11,8,Badalona
0801504013,3,25,8.333333,0.66079295,2025M11,8,Badalona
0801504014,0,0,0.0,0.0,2025M11,8,Badalona
0801503015,0,0,0.0,0.0,2025M11,8,Badalona
0801504008,0,0,0.0,0.0,2025M11,8,Badalona
0801504001,0,0,0.0,0.0,2025M11,8,Badalona
0801504003,0,0,0.0,0.0,2025M11,8,Badalona
0801509028,1,2,2.0,0.130039,2025M11,8,Badalona
0801508001,0,0,0.0,0.0,2025M11,8,Badalona
0801504002,1,2,2.0,0.13908206,2025M11,8,Badalona
0801503013,11,55,5.0,1.25,2025M11,8,Badalona
0801503005,4,20,5.0,0.52700925,2025M11,8,Badalona
0801505007,0,0,0.0,0.0,2025M11,8,Badalona
0801503011,3,8,2.6666667,0.5494506,2025M11,8,Badalona
0801503014,13,64,4.923077,2.1103897,2025M11,8,Badalona
0801503006,3,12,4.0,0.5424955,2025M11,8,Badalona
0801503010,3,7,2.3333333,0.6993007,2025M11,8,Badalona
0801503007,5,16,3.2,0.85178876,2025M11,8,Badalona
0801503004,5,13,2.6,0.67476386,2025M11,8,Badalona
0801509030,7,31,4.428571,0.9186352,2025M11,8,Badalona
0801509035,0,0,0.0,0.0,2025M11,8,Badalona
0801509038,5,34,6.8,0.79744816,2025M11,8,Badalona
0801509036,0,0,0.0,0.0,2025M11,8,Badalona
0801509037,3,9,3.0,0.49668875,2025M11,8,Badalona
0801502001,10,24,2.4,1.5772871,2025M11,8,Badalona
0801502007,0,0,0.0,0.0,2025M11,8,Badalona
0801503001,13,56,4.3076925,0.6896552,2025M11,8,Badalona
0801503009,5,26,5.2,0.55803573,2025M11,8,Badalona
0801502015,0,0,0.0,0.0,2025M11,8,Badalona
0801502012,1,1,1.0,0.2096436,2025M11,8,Badalona
0801509044,6,11,1.8333334,1.3793104,2025M11,8,Badalona
0801509054,0,0,0.0,0.0,2025M11,8,Badalona
0801509049,1,4,4.0,0.20576131,2025M11,8,Badalona
0801502008,6,31,5.1666665,0.55917984,2025M11,8,Badalona
0801502011,1,2,2.0,0.15948963,2025M11,8,Badalona
0801502013,1,2,2.0,0.1923077,2025M11,8,Badalona
0801502010,1,2,2.0,0.16313213,2025M11,8,Badalona
0801503008,2,5,2.5,0.5813953,2025M11,8,Badalona
0801502002,4,29,7.25,0.51880676,2025M11,8,Badalona
0801501007,1,11,11.0,0.16806723,2025M11,8,Badalona
0801502004,1,5,5.0,0.10869565,2025M11,8,Badalona
0801502005,0,0,0.0,0.0,2025M11,8,Badalona
0801501004,2,3,1.5,0.2762431,2025M11,8,Badalona
0801501003,0,0,0.0,0.0,2025M11,8,Badalona
0801502003,9,53,5.888889,1.8181819,2025M11,8,Badalona
0801502009,0,0,0.0,0.0,2025M11,8,Badalona
0801501001,2,6,3.0,0.28818443,2025M11,8,Badalona
0801501005,0,0,0.0,0.0,2025M11,8,Badalona
0801501002,1,4,4.0,0.14925373,2025M11,8,Badalona
0801601001,27,117,4.3333335,1.5919812,2025M11,8,Bagà
0801701001,1,4,4.0,0.08149959,2025M11,8,Balenyà
0801701002,3,8,2.6666667,0.5964215,2025M11,8,Balenyà
0801701003,0,0,0.0,0.0,2025M11,8,Balenyà
0801801002,0,0,0.0,0.0,2025M11,8,Balsareny
0801801001,1,2,2.0,0.123609394,2025M11,8,Balsareny
0801902069,34,147,4.3235292,4.7486033,2025M11,8,Barcelona
0801902068,30,120,4.0,3.3632288,2025M11,8,Barcelona
0801902052,42,170,4.047619,4.07767,2025M11,8,Barcelona
0801902053,35,143,4.0857143,3.1818182,2025M11,8,Barcelona
0801902054,32,137,4.28125,3.196803,2025M11,8,Barcelona
0801902055,12,49,4.0833335,1.1494253,2025M11,8,Barcelona
0801902060,15,62,4.133333,1.6198704,2025M11,8,Barcelona
0801902058,6,26,4.3333335,0.7853403,2025M11,8,Barcelona
0801902059,17,84,4.9411764,2.0334928,2025M11,8,Barcelona
0801902062,36,144,4.0,4.13318,2025M11,8,Barcelona
0801902061,28,112,4.0,3.6363637,2025M11,8,Barcelona
0801902066,17,68,4.0,1.8619934,2025M11,8,Barcelona
0801902063,18,80,4.4444447,2.7314112,2025M11,8,Barcelona
0801902039,18,80,4.4444447,1.9522777,2025M11,8,Barcelona
0801902050,30,119,3.9666667,3.1982942,2025M11,8,Barcelona
0801902051,50,205,4.1,4.553734,2025M11,8,Barcelona
0801902047,22,91,4.1363635,2.303665,2025M11,8,Barcelona
0801902064,15,73,4.866667,2.2488756,2025M11,8,Barcelona
0801902044,13,52,4.0,2.0866773,2025M11,8,Barcelona
0801902043,5,21,4.2,0.728863,2025M11,8,Barcelona
0801902042,9,36,4.0,1.1166253,2025M11,8,Barcelona
0801902041,17,71,4.1764708,2.021403,2025M11,8,Barcelona
0801902045,9,39,4.3333335,1.5706806,2025M11,8,Barcelona
0801902040,13,52,4.0,1.5028902,2025M11,8,Barcelona
0801902038,28,117,4.178571,3.698811,2025M11,8,Barcelona
0801902048,42,183,4.357143,6.709265,2025M11,8,Barcelona
0801902036,19,74,3.8947368,3.2367973,2025M11,8,Barcelona
0801902035,22,88,4.0,3.1654677,2025M11,8,Barcelona
0801902034,12,47,3.9166667,1.8209409,2025M11,8,Barcelona
0801902033,8,40,5.0,1.2841091,2025M11,8,Barcelona
0801902032,19,75,3.9473684,3.5250463,2025M11,8,Barcelona
0801902030,5,20,4.0,0.8130081,2025M11,8,Barcelona
0801902024,20,80,4.0,3.144654,2025M11,8,Barcelona
0801902026,20,87,4.35,1.8691589,2025M11,8,Barcelona
0801902025,8,24,3.0,1.2121212,2025M11,8,Barcelona
0801902014,6,30,5.0,0.8746356,2025M11,8,Barcelona
0801902006,13,58,4.4615383,1.5606242,2025M11,8,Barcelona
0801902018,13,55,4.230769,1.3727561,2025M11,8,Barcelona
0801902015,23,96,4.173913,3.0263157,2025M11,8,Barcelona
0801902016,22,87,3.9545455,2.347919,2025M11,8,Barcelona
0801902019,21,86,4.095238,2.1671827,2025M11,8,Barcelona
0801902007,7,27,3.857143,1.1532125,2025M11,8,Barcelona
0801902013,8,28,3.5,1.305057,2025M11,8,Barcelona
0801902021,11,44,4.0,1.369863,2025M11,8,Barcelona
0801902027,26,107,4.1153846,2.571711,2025M11,8,Barcelona
0801902023,3,12,4.0,0.5597015,2025M11,8,Barcelona
0801902009,4,16,4.0,0.49443758,2025M11,8,Barcelona
0801902010,3,12,4.0,0.55658627,2025M11,8,Barcelona
0801902005,12,52,4.3333335,1.1881188,2025M11,8,Barcelona
0801902028,21,79,3.7619047,1.907357,2025M11,8,Barcelona
0801902031,5,21,4.2,0.98039216,2025M11,8,Barcelona
0801902029,9,36,4.0,1.4950166,2025M11,8,Barcelona
0801902012,11,58,5.2727275,1.5341702,2025M11,8,Barcelona
0801902011,5,15,3.0,0.8880995,2025M11,8,Barcelona
0801902017,31,133,4.290323,3.3190577,2025M11,8,Barcelona
0801902004,11,47,4.2727275,1.7080746,2025M11,8,Barcelona
0801901055,9,29,3.2222223,1.3215859,2025M11,8,Barcelona
0801902003,6,28,4.6666665,1.1385199,2025M11,8,Barcelona
0801902002,8,46,5.75,0.8948546,2025M11,8,Barcelona
0801902001,18,88,4.888889,2.955665,2025M11,8,Barcelona
0801902020,28,109,3.892857,3.4188035,2025M11,8,Barcelona
0801901050,38,208,5.4736843,4.112554,2025M11,8,Barcelona
0801901051,18,69,3.8333333,1.6348774,2025M11,8,Barcelona
0801901052,47,210,4.4680853,3.504847,2025M11,8,Barcelona
0801901053,10,34,3.4,0.764526,2025M11,8,Barcelona
0801901054,4,13,3.25,0.4597701,2025M11,8,Barcelona
0801901046,66,296,4.4848485,5.2505965,2025M11,8,Barcelona
0801901048,22,91,4.1363635,1.6296296,2025M11,8,Barcelona
0801901047,39,211,5.4102564,3.117506,2025M11,8,Barcelona
0801901043,60,245,4.0833335,4.7058825,2025M11,8,Barcelona
0801901045,42,160,3.8095238,2.8532608,2025M11,8,Barcelona
0801901049,48,261,5.4375,6.25,2025M11,8,Barcelona
0801902008,11,51,4.6363635,1.2571429,2025M11,8,Barcelona
0801901044,17,55,3.235294,1.7580144,2025M11,8,Barcelona
0801901039,16,54,3.375,2.0460358,2025M11,8,Barcelona
0801901037,4,8,2.0,0.5970149,2025M11,8,Barcelona
0801901040,14,44,3.142857,2.0028613,2025M11,8,Barcelona
0801902022,2,7,3.5,0.31847134,2025M11,8,Barcelona
0801902037,6,25,4.1666665,1.0544815,2025M11,8,Barcelona
0801901033,7,25,3.5714285,0.9943182,2025M11,8,Barcelona
0801901035,10,30,3.0,1.2953368,2025M11,8,Barcelona
0801901038,11,38,3.4545455,1.1943539,2025M11,8,Barcelona
0801901031,39,168,4.3076925,3.4300792,2025M11,8,Barcelona
0801901042,10,31,3.1,1.1668612,2025M11,8,Barcelona
0801901032,35,111,3.1714287,2.468265,2025M11,8,Barcelona
0801901034,13,32,2.4615386,1.8232819,2025M11,8,Barcelona
0801901036,13,31,2.3846154,1.7808219,2025M11,8,Barcelona
0801902046,10,42,4.2,0.9871668,2025M11,8,Barcelona
0801901010,22,79,3.590909,2.347919,2025M11,8,Barcelona
0801901013,12,40,3.3333333,1.9704434,2025M11,8,Barcelona
0801902049,71,308,4.338028,6.1578493,2025M11,8,Barcelona
0801901041,6,17,2.8333333,0.5928854,2025M11,8,Barcelona
0801901029,66,283,4.287879,7.3414907,2025M11,8,Barcelona
0801901016,3,18,6.0,0.28790787,2025M11,8,Barcelona
0801901022,43,154,3.5813954,4.869762,2025M11,8,Barcelona
0801901021,49,196,4.0,3.101266,2025M11,8,Barcelona
0801901025,23,95,4.130435,2.1198156,2025M11,8,Barcelona
0801901023,48,252,5.25,3.084833,2025M11,8,Barcelona
0801901030,62,383,6.177419,4.486252,2025M11,8,Barcelona
0801902067,26,111,4.269231,2.329749,2025M11,8,Barcelona
0801901020,17,74,4.352941,1.2583271,2025M11,8,Barcelona
0801901018,17,64,3.764706,1.870187,2025M11,8,Barcelona
0801902056,14,71,5.071429,1.758794,2025M11,8,Barcelona
0801902057,10,45,4.5,1.5898252,2025M11,8,Barcelona
0801901027,32,153,4.78125,3.1037827,2025M11,8,Barcelona
0801901026,45,217,4.822222,4.217432,2025M11,8,Barcelona
0801901019,39,153,3.9230769,2.4299066,2025M11,8,Barcelona
0801901012,6,22,3.6666667,0.58309036,2025M11,8,Barcelona
0801901015,9,19,2.1111112,0.80213904,2025M11,8,Barcelona
0801902065,85,376,4.4235296,8.196721,2025M11,8,Barcelona
0801901028,46,162,3.5217392,3.4482758,2025M11,8,Barcelona
0801901011,16,64,4.0,1.0382868,2025M11,8,Barcelona
0801901009,5,15,3.0,0.48638132,2025M11,8,Barcelona
0801901007,13,44,3.3846154,1.4412417,2025M11,8,Barcelona
0801901014,10,29,2.9,1.236094,2025M11,8,Barcelona
0801901017,7,22,3.142857,0.6145742,2025M11,8,Barcelona
0801901005,49,235,4.7959185,3.6055923,2025M11,8,Barcelona
0801901003,9,25,2.7777777,0.7069914,2025M11,8,Barcelona
0801901008,11,44,4.0,0.85536546,2025M11,8,Barcelona
0801901006,24,139,5.7916665,2.561366,2025M11,8,Barcelona
0801901004,19,67,3.5263157,1.3121547,2025M11,8,Barcelona
0801901001,20,108,5.4,2.4479804,2025M11,8,Barcelona
0801901002,32,113,3.53125,4.347826,2025M11,8,Barcelona
0801902070,44,321,7.2954545,5.6847544,2025M11,8,Barcelona
0801906002,3,12,4.0,0.36764705,2025M11,8,Barcelona
0801905098,1,4,4.0,0.125,2025M11,8,Barcelona
0801906004,4,16,4.0,0.5405405,2025M11,8,Barcelona
0801906006,2,7,3.5,0.41753653,2025M11,8,Barcelona
0801906007,1,4,4.0,0.1,2025M11,8,Barcelona
0801906008,3,11,3.6666667,0.29615006,2025M11,8,Barcelona
0801906009,1,4,4.0,0.14224751,2025M11,8,Barcelona
0801906013,3,12,4.0,0.34207526,2025M11,8,Barcelona
0801910098,0,0,0.0,0.0,2025M11,8,Barcelona
0801906016,5,20,4.0,0.6297229,2025M11,8,Barcelona
0801906017,3,12,4.0,0.44052863,2025M11,8,Barcelona
0801906018,6,24,4.0,0.7741935,2025M11,8,Barcelona
0801906024,3,14,4.6666665,0.35928145,2025M11,8,Barcelona
0801906025,1,4,4.0,0.13642564,2025M11,8,Barcelona
0801906027,2,8,4.0,0.3267974,2025M11,8,Barcelona
0801906028,1,4,4.0,0.1305483,2025M11,8,Barcelona
0801906030,6,23,3.8333333,0.7822686,2025M11,8,Barcelona
0801906031,9,38,4.2222223,1.2765957,2025M11,8,Barcelona
0801906033,9,39,4.3333335,1.1857708,2025M11,8,Barcelona
0801910237,0,0,0.0,0.0,2025M11,8,Barcelona
0801910235,3,16,5.3333335,0.4477612,2025M11,8,Barcelona
0801910234,5,25,5.0,0.621118,2025M11,8,Barcelona
0801910142,0,0,0.0,0.0,2025M11,8,Barcelona
0801910139,1,4,4.0,0.1305483,2025M11,8,Barcelona
0801910143,1,4,4.0,0.13623978,2025M11,8,Barcelona
0801906041,17,72,4.2352943,1.7119839,2025M11,8,Barcelona
0801910136,1,4,4.0,0.16666667,2025M11,8,Barcelona
0801906044,58,242,4.172414,5.0390964,2025M11,8,Barcelona
0801910118,0,0,0.0,0.0,2025M11,8,Barcelona
0801906045,71,341,4.802817,7.537155,2025M11,8,Barcelona
0801910133,0,0,0.0,0.0,2025M11,8,Barcelona
0801906019,3,11,3.6666667,0.40214476,2025M11,8,Barcelona
0801910135,1,4,4.0,0.17452008,2025M11,8,Barcelona
0801910131,0,0,0.0,0.0,2025M11,8,Barcelona
0801910129,0,0,0.0,0.0,2025M11,8,Barcelona
0801906050,22,88,4.0,2.5462964,2025M11,8,Barcelona
0801910126,0,0,0.0,0.0,2025M11,8,Barcelona
0801910124,0,0,0.0,0.0,2025M11,8,Barcelona
0801906053,15,62,4.133333,1.6447369,2025M11,8,Barcelona
0801910123,0,0,0.0,0.0,2025M11,8,Barcelona
0801910119,0,0,0.0,0.0,2025M11,8,Barcelona
0801910121,2,12,6.0,0.27894002,2025M11,8,Barcelona
0801906057,27,110,4.0740743,2.56654,2025M11,8,Barcelona
0801910130,3,12,4.0,0.5154639,2025M11,8,Barcelona
0801906059,18,69,3.8333333,1.9565217,2025M11,8,Barcelona
0801910114,2,6,3.0,0.31347963,2025M11,8,Barcelona
0801910117,0,0,0.0,0.0,2025M11,8,Barcelona
0801910113,0,0,0.0,0.0,2025M11,8,Barcelona
0801906061,18,76,4.2222223,2.422611,2025M11,8,Barcelona
0801910109,1,4,4.0,0.13736264,2025M11,8,Barcelona
0801910110,0,0,0.0,0.0,2025M11,8,Barcelona
0801910108,0,0,0.0,0.0,2025M11,8,Barcelona
0801906067,10,43,4.3,0.9242144,2025M11,8,Barcelona
0801906069,8,44,5.5,1.3961606,2025M11,8,Barcelona
0801910105,4,26,6.5,0.42105263,2025M11,8,Barcelona
0801910102,0,0,0.0,0.0,2025M11,8,Barcelona
0801906063,15,60,4.0,1.6286645,2025M11,8,Barcelona
0801906071,2,8,4.0,0.4024145,2025M11,8,Barcelona
0801910101,2,5,2.5,0.28612304,2025M11,8,Barcelona
0801910103,0,0,0.0,0.0,2025M11,8,Barcelona
0801910099,1,4,4.0,0.23148148,2025M11,8,Barcelona
0801910097,3,16,5.3333335,0.42735043,2025M11,8,Barcelona
0801910079,7,36,5.142857,0.92348284,2025M11,8,Barcelona
0801906077,5,20,4.0,0.7739938,2025M11,8,Barcelona
0801906079,3,12,4.0,0.48701298,2025M11,8,Barcelona
0801910093,2,11,5.5,0.41666666,2025M11,8,Barcelona
0801906080,5,20,4.0,0.8635579,2025M11,8,Barcelona
0801906081,3,13,4.3333335,0.43103448,2025M11,8,Barcelona
0801906083,3,12,4.0,0.34285715,2025M11,8,Barcelona
0801910088,0,0,0.0,0.0,2025M11,8,Barcelona
0801910085,1,5,5.0,0.12315271,2025M11,8,Barcelona
0801910084,2,6,3.0,0.2980626,2025M11,8,Barcelona
0801906084,3,13,4.3333335,0.3841229,2025M11,8,Barcelona
0801910083,0,0,0.0,0.0,2025M11,8,Barcelona
0801910082,2,8,4.0,0.2766252,2025M11,8,Barcelona
0801906087,1,4,4.0,0.103950106,2025M11,8,Barcelona
0801907001,1,6,6.0,0.14144272,2025M11,8,Barcelona
0801910075,3,26,8.666667,0.42553192,2025M11,8,Barcelona
0801910077,16,83,5.1875,1.9704434,2025M11,8,Barcelona
0801907005,3,12,4.0,0.3916449,2025M11,8,Barcelona
0801910074,3,12,4.0,0.36231884,2025M11,8,Barcelona
0801910070,7,30,4.285714,0.83432657,2025M11,8,Barcelona
0801910072,15,77,5.133333,1.6146394,2025M11,8,Barcelona
0801910071,17,71,4.1764708,2.0286396,2025M11,8,Barcelona
0801910069,8,34,4.25,0.610687,2025M11,8,Barcelona
0801907009,1,4,4.0,0.16977929,2025M11,8,Barcelona
0801910067,2,9,4.5,0.25740024,2025M11,8,Barcelona
0801910066,1,8,8.0,0.10718114,2025M11,8,Barcelona
0801910063,2,10,5.0,0.39370078,2025M11,8,Barcelona
0801907015,1,4,4.0,0.1633987,2025M11,8,Barcelona
0801910062,5,25,5.0,0.65189046,2025M11,8,Barcelona
0801907017,1,4,4.0,0.11820331,2025M11,8,Barcelona
0801910061,14,49,3.5,1.7094017,2025M11,8,Barcelona
0801910055,26,156,6.0,2.0866773,2025M11,8,Barcelona
0801910057,14,57,4.071429,1.8592298,2025M11,8,Barcelona
0801910056,30,117,3.9,2.8735633,2025M11,8,Barcelona
0801910050,5,40,8.0,0.64599484,2025M11,8,Barcelona
0801910052,13,60,4.6153846,1.142355,2025M11,8,Barcelona
0801910068,2,9,4.5,0.3030303,2025M11,8,Barcelona
0801910051,12,57,4.75,1.6551725,2025M11,8,Barcelona
0801910045,5,14,2.8,0.86206895,2025M11,8,Barcelona
0801907027,2,8,4.0,0.2183406,2025M11,8,Barcelona
0801907028,1,4,4.0,0.147929,2025M11,8,Barcelona
0801910043,37,190,5.135135,3.3065238,2025M11,8,Barcelona
0801910040,6,23,3.8333333,0.66225165,2025M11,8,Barcelona
0801907031,0,0,0.0,0.0,2025M11,8,Barcelona
0801907033,2,8,4.0,0.30674848,2025M11,8,Barcelona
0801910041,3,14,4.6666665,0.3783102,2025M11,8,Barcelona
0801910020,2,8,4.0,0.28612304,2025M11,8,Barcelona
0801907035,0,0,0.0,0.0,2025M11,8,Barcelona
0801910037,0,0,0.0,0.0,2025M11,8,Barcelona
0801910036,3,12,4.0,0.48622367,2025M11,8,Barcelona
0801907037,1,6,6.0,0.14347202,2025M11,8,Barcelona
0801910035,0,0,0.0,0.0,2025M11,8,Barcelona
0801910031,0,0,0.0,0.0,2025M11,8,Barcelona
0801910033,0,0,0.0,0.0,2025M11,8,Barcelona
0801907041,4,17,4.25,0.5681818,2025M11,8,Barcelona
0801907043,0,0,0.0,0.0,2025M11,8,Barcelona
0801910026,2,8,4.0,0.26666668,2025M11,8,Barcelona
0801910028,0,0,0.0,0.0,2025M11,8,Barcelona
0801910029,1,5,5.0,0.15698586,2025M11,8,Barcelona
0801910025,3,13,4.3333335,0.42796007,2025M11,8,Barcelona
0801910024,4,20,5.0,0.5532504,2025M11,8,Barcelona
0801910021,1,4,4.0,0.15552099,2025M11,8,Barcelona
0801907049,2,8,4.0,0.33167496,2025M11,8,Barcelona
0801910023,4,18,4.5,0.53908354,2025M11,8,Barcelona
0801910022,3,12,4.0,0.43227667,2025M11,8,Barcelona
0801909037,0,0,0.0,0.0,2025M11,8,Barcelona
0801910017,1,4,4.0,0.11820331,2025M11,8,Barcelona
0801910011,18,72,4.0,2.8301888,2025M11,8,Barcelona
0801907055,0,0,0.0,0.0,2025M11,8,Barcelona
0801907057,1,4,4.0,0.15243903,2025M11,8,Barcelona
0801910012,7,28,4.0,0.79726654,2025M11,8,Barcelona
0801910006,7,40,5.714286,0.7592191,2025M11,8,Barcelona
0801910008,20,101,5.05,2.0576131,2025M11,8,Barcelona
0801907061,4,14,3.5,0.72727275,2025M11,8,Barcelona
0801910007,5,20,4.0,0.74626863,2025M11,8,Barcelona
0801910005,1,4,4.0,0.1293661,2025M11,8,Barcelona
0801910004,0,0,0.0,0.0,2025M11,8,Barcelona
0801907063,0,0,0.0,0.0,2025M11,8,Barcelona
0801910003,0,0,0.0,0.0,2025M11,8,Barcelona
0801910002,5,36,7.2,0.57471263,2025M11,8,Barcelona
0801907067,3,12,4.0,0.42918456,2025M11,8,Barcelona
0801909095,2,11,5.5,0.20554985,2025M11,8,Barcelona
0801907069,1,3,3.0,0.15037595,2025M11,8,Barcelona
0801909090,0,0,0.0,0.0,2025M11,8,Barcelona
0801909093,1,7,7.0,0.17094018,2025M11,8,Barcelona
0801909089,4,15,3.75,0.5405405,2025M11,8,Barcelona
0801907073,0,0,0.0,0.0,2025M11,8,Barcelona
0801909088,0,0,0.0,0.0,2025M11,8,Barcelona
0801909077,0,0,0.0,0.0,2025M11,8,Barcelona
0801909086,2,10,5.0,0.31496063,2025M11,8,Barcelona
0801909084,2,8,4.0,0.24449877,2025M11,8,Barcelona
0801909083,4,16,4.0,0.5405405,2025M11,8,Barcelona
0801907079,0,0,0.0,0.0,2025M11,8,Barcelona
0801909081,3,12,4.0,0.35005835,2025M11,8,Barcelona
0801907080,0,0,0.0,0.0,2025M11,8,Barcelona
0801907081,0,0,0.0,0.0,2025M11,8,Barcelona
0801909079,0,0,0.0,0.0,2025M11,8,Barcelona
0801909076,3,12,4.0,0.41208792,2025M11,8,Barcelona
0801909073,0,0,0.0,0.0,2025M11,8,Barcelona
0801909072,0,0,0.0,0.0,2025M11,8,Barcelona
0801907087,0,0,0.0,0.0,2025M11,8,Barcelona
0801907088,0,0,0.0,0.0,2025M11,8,Barcelona
0801909071,0,0,0.0,0.0,2025M11,8,Barcelona
0801909070,0,0,0.0,0.0,2025M11,8,Barcelona
0801909068,3,12,4.0,0.397351,2025M11,8,Barcelona
0801907078,2,12,6.0,0.3144654,2025M11,8,Barcelona
0801907089,0,0,0.0,0.0,2025M11,8,Barcelona
0801909067,0,0,0.0,0.0,2025M11,8,Barcelona
0801907092,1,4,4.0,0.1216545,2025M11,8,Barcelona
0801909065,0,0,0.0,0.0,2025M11,8,Barcelona
0801909064,0,0,0.0,0.0,2025M11,8,Barcelona
0801909058,2,8,4.0,0.26737967,2025M11,8,Barcelona
0801907096,0,0,0.0,0.0,2025M11,8,Barcelona
0801909060,0,0,0.0,0.0,2025M11,8,Barcelona
0801909057,0,0,0.0,0.0,2025M11,8,Barcelona
0801907099,0,0,0.0,0.0,2025M11,8,Barcelona
0801907100,0,0,0.0,0.0,2025M11,8,Barcelona
0801907101,0,0,0.0,0.0,2025M11,8,Barcelona
0801909054,1,4,4.0,0.18691589,2025M11,8,Barcelona
0801907103,0,0,0.0,0.0,2025M11,8,Barcelona
0801909051,5,20,4.0,0.71022725,2025M11,8,Barcelona
0801907105,0,0,0.0,0.0,2025M11,8,Barcelona
0801909049,1,4,4.0,0.18050541,2025M11,8,Barcelona
0801909045,1,4,4.0,0.14925373,2025M11,8,Barcelona
0801907109,0,0,0.0,0.0,2025M11,8,Barcelona
0801909044,1,4,4.0,0.124533,2025M11,8,Barcelona
0801909042,0,0,0.0,0.0,2025M11,8,Barcelona
0801907110,0,0,0.0,0.0,2025M11,8,Barcelona
0801907113,1,7,7.0,0.17482518,2025M11,8,Barcelona
0801909036,4,17,4.25,0.64412236,2025M11,8,Barcelona
0801907111,0,0,0.0,0.0,2025M11,8,Barcelona
0801909047,2,8,4.0,0.23068051,2025M11,8,Barcelona
0801907118,0,0,0.0,0.0,2025M11,8,Barcelona
0801907119,0,0,0.0,0.0,2025M11,8,Barcelona
0801909032,1,4,4.0,0.09881423,2025M11,8,Barcelona
0801909031,0,0,0.0,0.0,2025M11,8,Barcelona
0801907121,1,4,4.0,0.18726592,2025M11,8,Barcelona
0801909029,0,0,0.0,0.0,2025M11,8,Barcelona
0801909026,0,0,0.0,0.0,2025M11,8,Barcelona
0801908002,0,0,0.0,0.0,2025M11,8,Barcelona
0801909023,0,0,0.0,0.0,2025M11,8,Barcelona
0801909022,0,0,0.0,0.0,2025M11,8,Barcelona
0801909021,0,0,0.0,0.0,2025M11,8,Barcelona
0801908006,1,4,4.0,0.13422818,2025M11,8,Barcelona
0801909019,0,0,0.0,0.0,2025M11,8,Barcelona
0801908008,0,0,0.0,0.0,2025M11,8,Barcelona
0801909017,0,0,0.0,0.0,2025M11,8,Barcelona
0801909014,0,0,0.0,0.0,2025M11,8,Barcelona
0801909013,1,4,4.0,0.12391574,2025M11,8,Barcelona
0801908012,0,0,0.0,0.0,2025M11,8,Barcelona
0801909011,0,0,0.0,0.0,2025M11,8,Barcelona
0801908010,0,0,0.0,0.0,2025M11,8,Barcelona
0801909009,0,0,0.0,0.0,2025M11,8,Barcelona
0801909007,0,0,0.0,0.0,2025M11,8,Barcelona
0801908016,1,4,4.0,0.18181819,2025M11,8,Barcelona
0801908017,1,4,4.0,0.15503876,2025M11,8,Barcelona
0801909005,0,0,0.0,0.0,2025M11,8,Barcelona
0801908018,0,0,0.0,0.0,2025M11,8,Barcelona
0801909004,1,1,1.0,0.1485884,2025M11,8,Barcelona
0801908215,1,4,4.0,0.15625,2025M11,8,Barcelona
0801908022,0,0,0.0,0.0,2025M11,8,Barcelona
0801908116,0,0,0.0,0.0,2025M11,8,Barcelona
0801908114,0,0,0.0,0.0,2025M11,8,Barcelona
0801908075,1,4,4.0,0.11025358,2025M11,8,Barcelona
0801908095,0,0,0.0,0.0,2025M11,8,Barcelona
0801908026,1,4,4.0,0.16051364,2025M11,8,Barcelona
0801908028,0,0,0.0,0.0,2025M11,8,Barcelona
0801908109,0,0,0.0,0.0,2025M11,8,Barcelona
0801908029,0,0,0.0,0.0,2025M11,8,Barcelona
0801908106,0,0,0.0,0.0,2025M11,8,Barcelona
0801908107,0,0,0.0,0.0,2025M11,8,Barcelona
0801908030,0,0,0.0,0.0,2025M11,8,Barcelona
0801908101,1,4,4.0,0.12406948,2025M11,8,Barcelona
0801908035,0,0,0.0,0.0,2025M11,8,Barcelona
0801908100,0,0,0.0,0.0,2025M11,8,Barcelona
0801908098,0,0,0.0,0.0,2025M11,8,Barcelona
0801908096,0,0,0.0,0.0,2025M11,8,Barcelona
0801908104,0,0,0.0,0.0,2025M11,8,Barcelona
0801908038,1,4,4.0,0.1303781,2025M11,8,Barcelona
0801908091,0,0,0.0,0.0,2025M11,8,Barcelona
0801908042,0,0,0.0,0.0,2025M11,8,Barcelona
0801908090,0,0,0.0,0.0,2025M11,8,Barcelona
0801908044,0,0,0.0,0.0,2025M11,8,Barcelona
0801908087,0,0,0.0,0.0,2025M11,8,Barcelona
0801908084,0,0,0.0,0.0,2025M11,8,Barcelona
0801908082,0,0,0.0,0.0,2025M11,8,Barcelona
0801908079,0,0,0.0,0.0,2025M11,8,Barcelona
0801908083,0,0,0.0,0.0,2025M11,8,Barcelona
0801908052,0,0,0.0,0.0,2025M11,8,Barcelona
0801908077,0,0,0.0,0.0,2025M11,8,Barcelona
0801908073,0,0,0.0,0.0,2025M11,8,Barcelona
0801908081,0,0,0.0,0.0,2025M11,8,Barcelona
0801908058,0,0,0.0,0.0,2025M11,8,Barcelona
0801908086,0,0,0.0,0.0,2025M11,8,Barcelona
0801908071,0,0,0.0,0.0,2025M11,8,Barcelona
0801908060,0,0,0.0,0.0,2025M11,8,Barcelona
0801908061,1,4,4.0,0.14577259,2025M11,8,Barcelona
0801908064,0,0,0.0,0.0,2025M11,8,Barcelona
0801908065,0,0,0.0,0.0,2025M11,8,Barcelona
0801908067,1,4,4.0,0.1331558,2025M11,8,Barcelona
0801908063,0,0,0.0,0.0,2025M11,8,Barcelona
0801908069,0,0,0.0,0.0,2025M11,8,Barcelona
0801908066,0,0,0.0,0.0,2025M11,8,Barcelona
0801908074,0,0,0.0,0.0,2025M11,8,Barcelona
0801908059,0,0,0.0,0.0,2025M11,8,Barcelona
0801908057,0,0,0.0,0.0,2025M11,8,Barcelona
0801908056,0,0,0.0,0.0,2025M11,8,Barcelona
0801908072,0,0,0.0,0.0,2025M11,8,Barcelona
0801908055,0,0,0.0,0.0,2025M11,8,Barcelona
0801908053,0,0,0.0,0.0,2025M11,8,Barcelona
0801908046,0,0,0.0,0.0,2025M11,8,Barcelona
0801908051,0,0,0.0,0.0,2025M11,8,Barcelona
0801908049,0,0,0.0,0.0,2025M11,8,Barcelona
0801908048,0,0,0.0,0.0,2025M11,8,Barcelona
0801908085,1,2,2.0,0.15576324,2025M11,8,Barcelona
0801908047,0,0,0.0,0.0,2025M11,8,Barcelona
0801908045,0,0,0.0,0.0,2025M11,8,Barcelona
0801908093,0,0,0.0,0.0,2025M11,8,Barcelona
0801908092,0,0,0.0,0.0,2025M11,8,Barcelona
0801908037,0,0,0.0,0.0,2025M11,8,Barcelona
0801908076,0,0,0.0,0.0,2025M11,8,Barcelona
0801908041,0,0,0.0,0.0,2025M11,8,Barcelona
0801908039,0,0,0.0,0.0,2025M11,8,Barcelona
0801908102,1,4,4.0,0.15015015,2025M11,8,Barcelona
0801908036,0,0,0.0,0.0,2025M11,8,Barcelona
0801908033,1,4,4.0,0.15243903,2025M11,8,Barcelona
0801908078,0,0,0.0,0.0,2025M11,8,Barcelona
0801908032,0,0,0.0,0.0,2025M11,8,Barcelona
0801908031,0,0,0.0,0.0,2025M11,8,Barcelona
0801908105,0,0,0.0,0.0,2025M11,8,Barcelona
0801908110,0,0,0.0,0.0,2025M11,8,Barcelona
0801908112,0,0,0.0,0.0,2025M11,8,Barcelona
0801908025,0,0,0.0,0.0,2025M11,8,Barcelona
0801908024,0,0,0.0,0.0,2025M11,8,Barcelona
0801909002,1,4,4.0,0.12180268,2025M11,8,Barcelona
0801908023,8,36,4.5,1.2139605,2025M11,8,Barcelona
0801908014,1,4,4.0,0.16891892,2025M11,8,Barcelona
0801908020,0,0,0.0,0.0,2025M11,8,Barcelona
0801908019,4,12,3.0,0.48602673,2025M11,8,Barcelona
0801909006,0,0,0.0,0.0,2025M11,8,Barcelona
0801908115,1,4,4.0,0.15313935,2025M11,8,Barcelona
0801908015,1,4,4.0,0.14577259,2025M11,8,Barcelona
0801909010,0,0,0.0,0.0,2025M11,8,Barcelona
0801908011,0,0,0.0,0.0,2025M11,8,Barcelona
0801909016,0,0,0.0,0.0,2025M11,8,Barcelona
0801909020,0,0,0.0,0.0,2025M11,8,Barcelona
0801908005,0,0,0.0,0.0,2025M11,8,Barcelona
0801908003,0,0,0.0,0.0,2025M11,8,Barcelona
0801909028,0,0,0.0,0.0,2025M11,8,Barcelona
0801907123,1,4,4.0,0.14064698,2025M11,8,Barcelona
0801909030,0,0,0.0,0.0,2025M11,8,Barcelona
0801907122,0,0,0.0,0.0,2025M11,8,Barcelona
0801907120,0,0,0.0,0.0,2025M11,8,Barcelona
0801909040,0,0,0.0,0.0,2025M11,8,Barcelona
0801909033,0,0,0.0,0.0,2025M11,8,Barcelona
0801909035,1,4,4.0,0.13850416,2025M11,8,Barcelona
0801909018,0,0,0.0,0.0,2025M11,8,Barcelona
0801907116,0,0,0.0,0.0,2025M11,8,Barcelona
0801907115,0,0,0.0,0.0,2025M11,8,Barcelona
0801907114,0,0,0.0,0.0,2025M11,8,Barcelona
0801907112,0,0,0.0,0.0,2025M11,8,Barcelona
0801908103,0,0,0.0,0.0,2025M11,8,Barcelona
0801909043,0,0,0.0,0.0,2025M11,8,Barcelona
0801909059,0,0,0.0,0.0,2025M11,8,Barcelona
0801909046,1,4,4.0,0.15015015,2025M11,8,Barcelona
0801909038,2,11,5.5,0.2663116,2025M11,8,Barcelona
0801907106,0,0,0.0,0.0,2025M11,8,Barcelona
0801909052,0,0,0.0,0.0,2025M11,8,Barcelona
0801907102,0,0,0.0,0.0,2025M11,8,Barcelona
0801909055,0,0,0.0,0.0,2025M11,8,Barcelona
0801909056,0,0,0.0,0.0,2025M11,8,Barcelona
0801907098,1,4,4.0,0.08012821,2025M11,8,Barcelona
0801907097,0,0,0.0,0.0,2025M11,8,Barcelona
0801909074,6,24,4.0,0.7202881,2025M11,8,Barcelona
0801907091,0,0,0.0,0.0,2025M11,8,Barcelona
0801909075,0,0,0.0,0.0,2025M11,8,Barcelona
0801907090,0,0,0.0,0.0,2025M11,8,Barcelona
0801909062,3,12,4.0,0.44444445,2025M11,8,Barcelona
0801907086,0,0,0.0,0.0,2025M11,8,Barcelona
0801907077,0,0,0.0,0.0,2025M11,8,Barcelona
0801907084,2,8,4.0,0.31007752,2025M11,8,Barcelona
0801907083,0,0,0.0,0.0,2025M11,8,Barcelona
0801907082,0,0,0.0,0.0,2025M11,8,Barcelona
0801909085,0,0,0.0,0.0,2025M11,8,Barcelona
0801909082,4,16,4.0,0.42417815,2025M11,8,Barcelona
0801907076,3,12,4.0,0.4622496,2025M11,8,Barcelona
0801907074,0,0,0.0,0.0,2025M11,8,Barcelona
0801909091,4,17,4.25,0.49321824,2025M11,8,Barcelona
0801907070,0,0,0.0,0.0,2025M11,8,Barcelona
0801907060,5,21,4.2,0.52687037,2025M11,8,Barcelona
0801909156,0,0,0.0,0.0,2025M11,8,Barcelona
0801907066,3,12,4.0,0.38022813,2025M11,8,Barcelona
0801907064,6,24,4.0,0.7863696,2025M11,8,Barcelona
0801907062,1,4,4.0,0.16366611,2025M11,8,Barcelona
0801910010,28,112,4.0,2.9136317,2025M11,8,Barcelona
0801907058,0,0,0.0,0.0,2025M11,8,Barcelona
0801907056,0,0,0.0,0.0,2025M11,8,Barcelona
0801910015,10,40,4.0,1.0224949,2025M11,8,Barcelona
0801910016,7,28,4.0,1.1532125,2025M11,8,Barcelona
0801907054,2,8,4.0,0.25974026,2025M11,8,Barcelona
0801907052,0,0,0.0,0.0,2025M11,8,Barcelona
0801907051,2,10,5.0,0.2366864,2025M11,8,Barcelona
0801907050,0,0,0.0,0.0,2025M11,8,Barcelona
0801907048,0,0,0.0,0.0,2025M11,8,Barcelona
0801910032,0,0,0.0,0.0,2025M11,8,Barcelona
0801907046,0,0,0.0,0.0,2025M11,8,Barcelona
0801907039,17,72,4.2352943,2.1879022,2025M11,8,Barcelona
0801907042,6,24,4.0,0.7653061,2025M11,8,Barcelona
0801907038,1,4,4.0,0.1615509,2025M11,8,Barcelona
0801907036,1,4,4.0,0.147929,2025M11,8,Barcelona
0801910038,2,9,4.5,0.2522068,2025M11,8,Barcelona
0801907034,2,8,4.0,0.23282887,2025M11,8,Barcelona
0801907030,1,4,4.0,0.1438849,2025M11,8,Barcelona
0801907016,2,8,4.0,0.34965035,2025M11,8,Barcelona
0801910044,4,16,4.0,0.5006258,2025M11,8,Barcelona
0801907029,0,0,0.0,0.0,2025M11,8,Barcelona
0801910049,3,13,4.3333335,0.5025126,2025M11,8,Barcelona
0801910065,5,23,4.6,0.6188119,2025M11,8,Barcelona
0801910039,4,14,3.5,0.44395116,2025M11,8,Barcelona
0801907022,0,0,0.0,0.0,2025M11,8,Barcelona
0801907040,6,37,6.1666665,0.7444169,2025M11,8,Barcelona
0801907020,4,14,3.5,0.5006258,2025M11,8,Barcelona
0801907019,1,4,4.0,0.13755158,2025M11,8,Barcelona
0801910064,8,30,3.75,0.87241006,2025M11,8,Barcelona
0801907018,0,0,0.0,0.0,2025M11,8,Barcelona
0801907007,2,7,3.5,0.31152648,2025M11,8,Barcelona
0801907006,2,8,4.0,0.43290043,2025M11,8,Barcelona
0801907014,0,0,0.0,0.0,2025M11,8,Barcelona
0801907012,4,16,4.0,0.5102041,2025M11,8,Barcelona
0801907011,3,8,2.6666667,0.4680187,2025M11,8,Barcelona
0801907010,9,36,4.0,1.399689,2025M11,8,Barcelona
0801907008,1,4,4.0,0.16556291,2025M11,8,Barcelona
0801907004,5,22,4.4,0.64102566,2025M11,8,Barcelona
0801910076,3,22,7.3333335,0.23659305,2025M11,8,Barcelona
0801907003,1,4,4.0,0.15873016,2025M11,8,Barcelona
0801907002,8,30,3.75,1.2578616,2025M11,8,Barcelona
0801910086,3,14,4.6666665,0.35545024,2025M11,8,Barcelona
0801906086,4,15,3.75,0.8064516,2025M11,8,Barcelona
0801910092,3,17,5.6666665,0.30737704,2025M11,8,Barcelona
0801910087,1,4,4.0,0.102774926,2025M11,8,Barcelona
0801906082,2,10,5.0,0.22988506,2025M11,8,Barcelona
0801906078,13,51,3.9230769,1.7173052,2025M11,8,Barcelona
0801910095,4,13,3.25,0.6756757,2025M11,8,Barcelona
0801910096,2,8,4.0,0.28653294,2025M11,8,Barcelona
0801906076,6,24,4.0,0.97879285,2025M11,8,Barcelona
0801906075,2,8,4.0,0.41493776,2025M11,8,Barcelona
0801906074,1,4,4.0,0.18796992,2025M11,8,Barcelona
0801906072,23,93,4.0434785,2.5842698,2025M11,8,Barcelona
0801910104,1,4,4.0,0.1577287,2025M11,8,Barcelona
0801906070,14,54,3.857143,1.3409961,2025M11,8,Barcelona
0801906066,3,12,4.0,0.5226481,2025M11,8,Barcelona
0801906039,10,38,3.8,0.9469697,2025M11,8,Barcelona
0801906064,7,28,4.0,0.68829894,2025M11,8,Barcelona
0801906062,5,20,4.0,0.7153076,2025M11,8,Barcelona
0801906058,22,143,6.5,1.9113814,2025M11,8,Barcelona
0801906056,30,104,3.4666667,2.8901734,2025M11,8,Barcelona
0801906054,22,98,4.4545455,2.1589794,2025M11,8,Barcelona
0801906060,22,114,5.181818,2.0128088,2025M11,8,Barcelona
0801906051,9,36,4.0,1.1857708,2025M11,8,Barcelona
0801906055,10,42,4.2,1.2658228,2025M11,8,Barcelona
0801910125,0,0,0.0,0.0,2025M11,8,Barcelona
0801910141,0,0,0.0,0.0,2025M11,8,Barcelona
0801906048,42,168,4.0,4.6460176,2025M11,8,Barcelona
0801906047,39,145,3.7179487,4.3624163,2025M11,8,Barcelona
0801906046,20,74,3.7,2.8818443,2025M11,8,Barcelona
0801910107,0,0,0.0,0.0,2025M11,8,Barcelona
0801910236,4,11,2.75,0.39408866,2025M11,8,Barcelona
0801906068,12,57,4.75,1.2513034,2025M11,8,Barcelona
0801906043,17,70,4.117647,2.2049286,2025M11,8,Barcelona
0801910128,0,0,0.0,0.0,2025M11,8,Barcelona
0801910140,1,1,1.0,0.14084508,2025M11,8,Barcelona
0801906042,21,84,4.0,1.9319227,2025M11,8,Barcelona
0801906073,12,49,4.0833335,1.5584415,2025M11,8,Barcelona
0801906040,8,36,4.5,0.8859358,2025M11,8,Barcelona
0801906037,3,12,4.0,0.5514706,2025M11,8,Barcelona
0801906038,6,23,3.8333333,0.6944444,2025M11,8,Barcelona
0801906032,6,24,4.0,0.90909094,2025M11,8,Barcelona
0801910138,1,4,4.0,0.14005603,2025M11,8,Barcelona
0801906035,6,24,4.0,1.1070111,2025M11,8,Barcelona
0801906034,5,20,4.0,0.74183977,2025M11,8,Barcelona
0801906023,1,5,5.0,0.17761989,2025M11,8,Barcelona
0801906026,2,8,4.0,0.36832413,2025M11,8,Barcelona
0801906022,2,8,4.0,0.33557048,2025M11,8,Barcelona
0801906014,0,0,0.0,0.0,2025M11,8,Barcelona
0801906015,2,8,4.0,0.2793296,2025M11,8,Barcelona
0801906012,2,15,7.5,0.33167496,2025M11,8,Barcelona
0801906011,1,4,4.0,0.14749263,2025M11,8,Barcelona
0801906010,1,4,4.0,0.20242915,2025M11,8,Barcelona
0801904031,9,33,3.6666667,1.1857708,2025M11,8,Barcelona
0801906021,2,8,4.0,0.31298906,2025M11,8,Barcelona
0801906020,4,14,3.5,0.62305295,2025M11,8,Barcelona
0801906003,3,18,6.0,0.25906736,2025M11,8,Barcelona
0801906001,5,21,4.2,0.7800312,2025M11,8,Barcelona
0801905097,5,26,5.2,0.61728394,2025M11,8,Barcelona
0801905096,1,4,4.0,0.15748031,2025M11,8,Barcelona
0801905095,1,7,7.0,0.11764706,2025M11,8,Barcelona
0801905093,2,8,4.0,0.32467532,2025M11,8,Barcelona
0801910019,1,5,5.0,0.13089006,2025M11,8,Barcelona
0801905062,3,15,5.0,0.34052214,2025M11,8,Barcelona
0801905091,1,4,4.0,0.13071896,2025M11,8,Barcelona
0801910013,8,32,4.0,1.0443864,2025M11,8,Barcelona
0801909087,0,0,0.0,0.0,2025M11,8,Barcelona
0801905090,4,16,4.0,0.3842459,2025M11,8,Barcelona
0801910073,10,49,4.9,1.4144272,2025M11,8,Barcelona
0801907044,2,8,4.0,0.31152648,2025M11,8,Barcelona
0801905087,3,13,4.3333335,0.33407572,2025M11,8,Barcelona
0801905066,10,42,4.2,1.3333334,2025M11,8,Barcelona
0801905084,6,24,4.0,0.83682007,2025M11,8,Barcelona
0801905085,5,20,4.0,0.7072136,2025M11,8,Barcelona
0801905081,2,8,4.0,0.2283105,2025M11,8,Barcelona
0801905072,3,14,4.6666665,0.32502708,2025M11,8,Barcelona
0801905080,18,72,4.0,2.241594,2025M11,8,Barcelona
0801905074,3,12,4.0,0.3257329,2025M11,8,Barcelona
0801905075,10,44,4.4,1.0,2025M11,8,Barcelona
0801907025,2,8,4.0,0.28694403,2025M11,8,Barcelona
0801905077,2,8,4.0,0.31104198,2025M11,8,Barcelona
0801910060,9,35,3.8888888,0.9771987,2025M11,8,Barcelona
0801905036,0,0,0.0,0.0,2025M11,8,Barcelona
0801905086,2,8,4.0,0.26281208,2025M11,8,Barcelona
0801905083,8,36,4.5,1.2030075,2025M11,8,Barcelona
0801905076,3,12,4.0,0.3841229,2025M11,8,Barcelona
0801905061,19,80,4.2105265,1.894317,2025M11,8,Barcelona
0801905063,3,12,4.0,0.3508772,2025M11,8,Barcelona
0801905071,10,41,4.1,1.0515248,2025M11,8,Barcelona
0801905089,14,68,4.857143,1.5555556,2025M11,8,Barcelona
0801905037,0,0,0.0,0.0,2025M11,8,Barcelona
0801905058,3,16,5.3333335,0.40431267,2025M11,8,Barcelona
0801905059,16,80,5.0,1.6080402,2025M11,8,Barcelona
0801905055,0,0,0.0,0.0,2025M11,8,Barcelona
0801905051,4,20,5.0,0.57471263,2025M11,8,Barcelona
0801905054,0,0,0.0,0.0,2025M11,8,Barcelona
0801905050,30,181,6.0333333,3.5971222,2025M11,8,Barcelona
0801905024,0,0,0.0,0.0,2025M11,8,Barcelona
0801905046,2,8,4.0,0.3960396,2025M11,8,Barcelona
0801905052,1,4,4.0,0.17123288,2025M11,8,Barcelona
0801905048,3,15,5.0,0.5300353,2025M11,8,Barcelona
0801905047,2,10,5.0,0.40733197,2025M11,8,Barcelona
0801905042,3,12,4.0,0.44843048,2025M11,8,Barcelona
0801905049,0,0,0.0,0.0,2025M11,8,Barcelona
0801905044,3,15,5.0,0.43541363,2025M11,8,Barcelona
0801905026,1,3,3.0,0.18450184,2025M11,8,Barcelona
0801905043,2,8,4.0,0.24844721,2025M11,8,Barcelona
0801905030,0,0,0.0,0.0,2025M11,8,Barcelona
0801905039,1,4,4.0,0.16260162,2025M11,8,Barcelona
0801905057,1,5,5.0,0.13140604,2025M11,8,Barcelona
0801905040,1,4,4.0,0.12376238,2025M11,8,Barcelona
0801905032,0,0,0.0,0.0,2025M11,8,Barcelona
0801905038,3,16,5.3333335,0.39577836,2025M11,8,Barcelona
0801905034,0,0,0.0,0.0,2025M11,8,Barcelona
0801905056,3,12,4.0,0.48,2025M11,8,Barcelona
0801905094,10,36,3.6,0.789266,2025M11,8,Barcelona
0801905035,0,0,0.0,0.0,2025M11,8,Barcelona
0801905065,12,49,4.0833335,1.3289037,2025M11,8,Barcelona
0801905067,13,52,4.0,1.5911872,2025M11,8,Barcelona
0801905033,0,0,0.0,0.0,2025M11,8,Barcelona
0801905073,5,21,4.2,0.5494506,2025M11,8,Barcelona
0801905069,5,20,4.0,0.5263158,2025M11,8,Barcelona
0801905078,3,12,4.0,0.3154574,2025M11,8,Barcelona
0801905031,3,16,5.3333335,0.49342105,2025M11,8,Barcelona
0801905079,7,28,4.0,1.2302284,2025M11,8,Barcelona
0801905029,0,0,0.0,0.0,2025M11,8,Barcelona
0801905060,2,8,4.0,0.38910505,2025M11,8,Barcelona
0801905028,0,0,0.0,0.0,2025M11,8,Barcelona
0801905041,4,16,4.0,0.49261084,2025M11,8,Barcelona
0801905027,0,0,0.0,0.0,2025M11,8,Barcelona
0801905025,3,13,4.3333335,0.6185567,2025M11,8,Barcelona
0801905068,8,33,4.125,0.7611798,2025M11,8,Barcelona
0801907075,0,0,0.0,0.0,2025M11,8,Barcelona
0801905070,2,8,4.0,0.24691358,2025M11,8,Barcelona
0801905088,0,0,0.0,0.0,2025M11,8,Barcelona
0801905023,2,8,4.0,0.26917902,2025M11,8,Barcelona
0801905022,4,16,4.0,0.5532504,2025M11,8,Barcelona
0801905064,29,116,4.0,3.128371,2025M11,8,Barcelona
0801905021,1,4,4.0,0.12804097,2025M11,8,Barcelona
0801905020,10,40,4.0,1.6286645,2025M11,8,Barcelona
0801905045,0,0,0.0,0.0,2025M11,8,Barcelona
0801909069,0,0,0.0,0.0,2025M11,8,Barcelona
0801905018,0,0,0.0,0.0,2025M11,8,Barcelona
0801905017,2,12,6.0,0.2994012,2025M11,8,Barcelona
0801905019,3,13,4.3333335,0.44247788,2025M11,8,Barcelona
0801905014,1,4,4.0,0.12903225,2025M11,8,Barcelona
0801904047,2,8,4.0,0.23364486,2025M11,8,Barcelona
0801905013,0,0,0.0,0.0,2025M11,8,Barcelona
0801905012,2,8,4.0,0.265252,2025M11,8,Barcelona
0801905053,0,0,0.0,0.0,2025M11,8,Barcelona
0801905082,6,26,4.3333335,0.6651885,2025M11,8,Barcelona
0801905092,12,54,4.5,1.6713092,2025M11,8,Barcelona
0801905015,1,4,4.0,0.13192612,2025M11,8,Barcelona
0801905011,3,14,4.6666665,0.3911343,2025M11,8,Barcelona
0801905010,0,0,0.0,0.0,2025M11,8,Barcelona
0801905007,2,10,5.0,0.2642008,2025M11,8,Barcelona
0801904050,1,3,3.0,0.10845987,2025M11,8,Barcelona
0801904051,1,5,5.0,0.11933174,2025M11,8,Barcelona
0801905009,1,4,4.0,0.12224939,2025M11,8,Barcelona
0801905008,4,14,3.5,0.5044136,2025M11,8,Barcelona
0801907094,1,3,3.0,0.17605634,2025M11,8,Barcelona
0801904053,3,11,3.6666667,0.4178273,2025M11,8,Barcelona
0801905005,1,4,4.0,0.23041475,2025M11,8,Barcelona
0801904054,0,0,0.0,0.0,2025M11,8,Barcelona
0801905004,1,4,4.0,0.27322406,2025M11,8,Barcelona
0801909048,0,0,0.0,0.0,2025M11,8,Barcelona
0801904056,1,4,4.0,0.13368984,2025M11,8,Barcelona
0801904055,0,0,0.0,0.0,2025M11,8,Barcelona
0801905006,1,2,2.0,0.1283697,2025M11,8,Barcelona
0801904052,2,8,4.0,0.19569471,2025M11,8,Barcelona
0801904048,0,0,0.0,0.0,2025M11,8,Barcelona
0801904049,5,35,7.0,0.8726004,2025M11,8,Barcelona
0801904037,2,16,8.0,0.1998002,2025M11,8,Barcelona
0801904046,0,0,0.0,0.0,2025M11,8,Barcelona
0801904045,2,7,3.5,0.29850745,2025M11,8,Barcelona
0801904044,7,31,4.428571,0.84951454,2025M11,8,Barcelona
0801904043,4,10,2.5,0.456621,2025M11,8,Barcelona
0801905016,1,4,4.0,0.111358576,2025M11,8,Barcelona
0801904041,6,18,3.0,0.88365245,2025M11,8,Barcelona
0801904042,6,23,3.8333333,0.66079295,2025M11,8,Barcelona
0801904040,2,7,3.5,0.23923445,2025M11,8,Barcelona
0801905001,3,12,4.0,0.3314917,2025M11,8,Barcelona
0801904038,0,0,0.0,0.0,2025M11,8,Barcelona
0801905003,0,0,0.0,0.0,2025M11,8,Barcelona
0801905002,2,14,7.0,0.29027575,2025M11,8,Barcelona
0801904039,3,17,5.6666665,0.4830918,2025M11,8,Barcelona
0801904036,3,17,5.6666665,0.34642032,2025M11,8,Barcelona
0801909027,1,7,7.0,0.17761989,2025M11,8,Barcelona
0801904035,3,15,5.0,0.31413612,2025M11,8,Barcelona
0801904029,2,3,1.5,0.3508772,2025M11,8,Barcelona
0801904032,3,10,3.3333333,0.3931848,2025M11,8,Barcelona
0801904034,8,38,4.75,1.1049724,2025M11,8,Barcelona
0801904033,1,3,3.0,0.16583748,2025M11,8,Barcelona
0801904030,11,38,3.4545455,1.3253012,2025M11,8,Barcelona
0801904028,5,21,4.2,0.7246377,2025M11,8,Barcelona
0801904027,12,49,4.0833335,1.5247777,2025M11,8,Barcelona
0801904026,0,0,0.0,0.0,2025M11,8,Barcelona
0801908013,1,4,4.0,0.18796992,2025M11,8,Barcelona
0801904084,2,9,4.5,0.3081664,2025M11,8,Barcelona
0801904025,7,27,3.857143,1.0802469,2025M11,8,Barcelona
0801904021,2,8,4.0,0.25094104,2025M11,8,Barcelona
0801904024,2,8,4.0,0.42553192,2025M11,8,Barcelona
0801904020,0,0,0.0,0.0,2025M11,8,Barcelona
0801908111,0,0,0.0,0.0,2025M11,8,Barcelona
0801904017,9,32,3.5555556,1.3574661,2025M11,8,Barcelona
0801904016,3,13,4.3333335,0.5703422,2025M11,8,Barcelona
0801908027,0,0,0.0,0.0,2025M11,8,Barcelona
0801908054,0,0,0.0,0.0,2025M11,8,Barcelona
0801908097,0,0,0.0,0.0,2025M11,8,Barcelona
0801903102,7,25,3.5714285,1.0670732,2025M11,8,Barcelona
0801904012,2,13,6.5,0.30120483,2025M11,8,Barcelona
0801904014,0,0,0.0,0.0,2025M11,8,Barcelona
0801904006,1,5,5.0,0.17574692,2025M11,8,Barcelona
0801904013,1,4,4.0,0.17064847,2025M11,8,Barcelona
0801904005,3,10,3.3333333,0.5059022,2025M11,8,Barcelona
0801904007,7,19,2.7142856,1.3461539,2025M11,8,Barcelona
0801904004,7,36,5.142857,1.2477719,2025M11,8,Barcelona
0801904003,1,5,5.0,0.18083182,2025M11,8,Barcelona
0801903213,1,2,2.0,0.10928962,2025M11,8,Barcelona
0801908099,0,0,0.0,0.0,2025M11,8,Barcelona
0801903114,6,25,4.1666665,0.84626234,2025M11,8,Barcelona
0801903113,3,15,5.0,0.3841229,2025M11,8,Barcelona
0801908088,0,0,0.0,0.0,2025M11,8,Barcelona
0801908040,0,0,0.0,0.0,2025M11,8,Barcelona
0801908080,1,4,4.0,0.147929,2025M11,8,Barcelona
0801908089,0,0,0.0,0.0,2025M11,8,Barcelona
0801908043,0,0,0.0,0.0,2025M11,8,Barcelona
0801904001,13,50,3.8461537,2.1594684,2025M11,8,Barcelona
0801908050,1,4,4.0,0.1633987,2025M11,8,Barcelona
0801903211,0,0,0.0,0.0,2025M11,8,Barcelona
0801903111,2,5,2.5,0.29498526,2025M11,8,Barcelona
0801903212,1,1,1.0,0.09624639,2025M11,8,Barcelona
0801903110,5,10,2.0,0.5980861,2025M11,8,Barcelona
0801903109,6,23,3.8333333,0.7643312,2025M11,8,Barcelona
0801908070,0,0,0.0,0.0,2025M11,8,Barcelona
0801908068,0,0,0.0,0.0,2025M11,8,Barcelona
0801908062,0,0,0.0,0.0,2025M11,8,Barcelona
0801903108,2,10,5.0,0.23837902,2025M11,8,Barcelona
0801904002,6,35,5.8333335,0.65502185,2025M11,8,Barcelona
0801903107,8,30,3.75,0.9876543,2025M11,8,Barcelona
0801903106,16,99,6.1875,2.2759602,2025M11,8,Barcelona
0801903105,13,51,3.9230769,2.10356,2025M11,8,Barcelona
0801903104,7,32,4.571429,0.9695291,2025M11,8,Barcelona
0801904008,1,4,4.0,0.16638935,2025M11,8,Barcelona
0801903103,1,4,4.0,0.1754386,2025M11,8,Barcelona
0801904010,11,42,3.8181818,2.682927,2025M11,8,Barcelona
0801904009,5,19,3.8,0.61576355,2025M11,8,Barcelona
0801903101,8,30,3.75,1.1331445,2025M11,8,Barcelona
0801903112,7,35,5.0,0.75593954,2025M11,8,Barcelona
0801903100,14,63,4.5,2.0260491,2025M11,8,Barcelona
0801903099,1,4,4.0,0.17301038,2025M11,8,Barcelona
0801903098,3,5,1.6666666,0.4360465,2025M11,8,Barcelona
0801904015,5,21,4.2,0.5458515,2025M11,8,Barcelona
0801904011,1,4,4.0,0.10405827,2025M11,8,Barcelona
0801903097,15,75,5.0,1.7667844,2025M11,8,Barcelona
0801903096,9,47,5.2222223,1.1292347,2025M11,8,Barcelona
0801903094,10,40,4.0,1.5243902,2025M11,8,Barcelona
0801903095,4,17,4.25,0.4848485,2025M11,8,Barcelona
0801904019,4,17,4.25,0.5934718,2025M11,8,Barcelona
0801904018,2,8,4.0,0.26385224,2025M11,8,Barcelona
0801903093,5,28,5.6,0.70028013,2025M11,8,Barcelona
0801903092,5,21,4.2,0.8333333,2025M11,8,Barcelona
0801904023,0,0,0.0,0.0,2025M11,8,Barcelona
0801903091,6,25,4.1666665,0.69124424,2025M11,8,Barcelona
0801903090,5,26,5.2,1.0060362,2025M11,8,Barcelona
0801903089,2,6,3.0,0.32102728,2025M11,8,Barcelona
0801903086,1,1,1.0,0.16891892,2025M11,8,Barcelona
0801903087,1,5,5.0,0.13736264,2025M11,8,Barcelona
0801903085,1,4,4.0,0.14184397,2025M11,8,Barcelona
0801908094,0,0,0.0,0.0,2025M11,8,Barcelona
0801903084,2,9,4.5,0.29850745,2025M11,8,Barcelona
0801903083,3,15,5.0,0.4491018,2025M11,8,Barcelona
0801903082,7,24,3.4285715,0.7667032,2025M11,8,Barcelona
0801903088,0,0,0.0,0.0,2025M11,8,Barcelona
0801903080,5,20,4.0,0.6849315,2025M11,8,Barcelona
0801903079,6,34,5.6666665,0.6741573,2025M11,8,Barcelona
0801903081,7,26,3.7142856,0.77864295,2025M11,8,Barcelona
0801903077,1,6,6.0,0.15552099,2025M11,8,Barcelona
0801908034,0,0,0.0,0.0,2025M11,8,Barcelona
0801903053,17,59,3.4705882,1.549681,2025M11,8,Barcelona
0801903050,15,92,6.133333,1.7221584,2025M11,8,Barcelona
0801903076,1,5,5.0,0.20283976,2025M11,8,Barcelona
0801903052,9,41,4.5555553,1.3452915,2025M11,8,Barcelona
0801903073,1,3,3.0,0.12690355,2025M11,8,Barcelona
0801908108,1,4,4.0,0.114285715,2025M11,8,Barcelona
0801903072,6,24,4.0,0.89285713,2025M11,8,Barcelona
0801903054,3,8,2.6666667,0.38022813,2025M11,8,Barcelona
0801903068,1,4,4.0,0.17730497,2025M11,8,Barcelona
0801903071,4,12,3.0,0.5961252,2025M11,8,Barcelona
0801903070,1,2,2.0,0.17331022,2025M11,8,Barcelona
0801908113,0,0,0.0,0.0,2025M11,8,Barcelona
0801903069,0,0,0.0,0.0,2025M11,8,Barcelona
0801903066,1,2,2.0,0.08650519,2025M11,8,Barcelona
0801903056,2,6,3.0,0.43103448,2025M11,8,Barcelona
0801909001,0,0,0.0,0.0,2025M11,8,Barcelona
0801908021,4,16,4.0,0.5943536,2025M11,8,Barcelona
0801903060,4,18,4.5,0.6557377,2025M11,8,Barcelona
0801903064,3,13,4.3333335,0.56925994,2025M11,8,Barcelona
0801909003,0,0,0.0,0.0,2025M11,8,Barcelona
0801903062,0,0,0.0,0.0,2025M11,8,Barcelona
0801903063,3,14,4.6666665,0.34324944,2025M11,8,Barcelona
0801903061,0,0,0.0,0.0,2025M11,8,Barcelona
0801909008,0,0,0.0,0.0,2025M11,8,Barcelona
0801903065,2,16,8.0,0.35842294,2025M11,8,Barcelona
0801903059,1,3,3.0,0.18248175,2025M11,8,Barcelona
0801903058,5,22,4.4,0.6361323,2025M11,8,Barcelona
0801903057,9,33,3.6666667,1.1952192,2025M11,8,Barcelona
0801909015,1,4,4.0,0.12626262,2025M11,8,Barcelona
0801908009,1,5,5.0,0.12376238,2025M11,8,Barcelona
0801908007,0,0,0.0,0.0,2025M11,8,Barcelona
0801903075,6,27,4.5,0.7936508,2025M11,8,Barcelona
0801903055,4,15,3.75,0.5076142,2025M11,8,Barcelona
0801903074,4,22,5.5,0.47281325,2025M11,8,Barcelona
0801903049,12,72,6.0,1.3904983,2025M11,8,Barcelona
0801908004,0,0,0.0,0.0,2025M11,8,Barcelona
0801909024,0,0,0.0,0.0,2025M11,8,Barcelona
0801909025,1,4,4.0,0.14662756,2025M11,8,Barcelona
0801908001,0,0,0.0,0.0,2025M11,8,Barcelona
0801903019,32,173,5.40625,4.698972,2025M11,8,Barcelona
0801903034,0,0,0.0,0.0,2025M11,8,Barcelona
0801903046,9,33,3.6666667,1.3452915,2025M11,8,Barcelona
0801903036,2,8,4.0,0.16051364,2025M11,8,Barcelona
0801903008,9,33,3.6666667,1.4851485,2025M11,8,Barcelona
0801903042,10,38,3.8,1.4903129,2025M11,8,Barcelona
0801903041,2,8,4.0,0.3164557,2025M11,8,Barcelona
0801907117,1,4,4.0,0.1736111,2025M11,8,Barcelona
0801909034,1,4,4.0,0.15015015,2025M11,8,Barcelona
0801903003,24,92,3.8333333,3.0729833,2025M11,8,Barcelona
0801903033,0,0,0.0,0.0,2025M11,8,Barcelona
0801903032,0,0,0.0,0.0,2025M11,8,Barcelona
0801909039,0,0,0.0,0.0,2025M11,8,Barcelona
0801903044,12,53,4.4166665,1.343785,2025M11,8,Barcelona
0801903031,0,0,0.0,0.0,2025M11,8,Barcelona
0801909041,0,0,0.0,0.0,2025M11,8,Barcelona
0801903021,5,22,4.4,1.0204082,2025M11,8,Barcelona
0801903035,0,0,0.0,0.0,2025M11,8,Barcelona
0801903001,18,80,4.4444447,2.2332506,2025M11,8,Barcelona
0801903002,18,73,4.0555553,1.8292683,2025M11,8,Barcelona
0801903028,0,0,0.0,0.0,2025M11,8,Barcelona
0801903004,24,98,4.0833335,3.088803,2025M11,8,Barcelona
0801903027,0,0,0.0,0.0,2025M11,8,Barcelona
0801903025,3,16,5.3333335,0.35460994,2025M11,8,Barcelona
0801907107,0,0,0.0,0.0,2025M11,8,Barcelona
0801907108,0,0,0.0,0.0,2025M11,8,Barcelona
0801907104,0,0,0.0,0.0,2025M11,8,Barcelona
0801909050,1,4,4.0,0.12820512,2025M11,8,Barcelona
0801909053,0,0,0.0,0.0,2025M11,8,Barcelona
0801903007,10,43,4.3,1.2804097,2025M11,8,Barcelona
0801903023,12,47,3.9166667,1.438849,2025M11,8,Barcelona
0801903040,2,7,3.5,0.23529412,2025M11,8,Barcelona
0801903024,26,103,3.9615386,2.4344568,2025M11,8,Barcelona
0801903022,38,188,4.9473686,5.374823,2025M11,8,Barcelona
0801909061,1,4,4.0,0.1293661,2025M11,8,Barcelona
0801907095,0,0,0.0,0.0,2025M11,8,Barcelona
0801907093,0,0,0.0,0.0,2025M11,8,Barcelona
0801909063,0,0,0.0,0.0,2025M11,8,Barcelona
0801909066,1,4,4.0,0.15082957,2025M11,8,Barcelona
0801903010,24,140,5.8333335,3.4334764,2025M11,8,Barcelona
0801903020,14,84,6.0,2.4866786,2025M11,8,Barcelona
0801903048,5,25,5.0,0.635324,2025M11,8,Barcelona
0801903017,45,181,4.022222,5.3317537,2025M11,8,Barcelona
0801903018,8,34,4.25,1.1142061,2025M11,8,Barcelona
0801903012,31,144,4.645161,3.0243902,2025M11,8,Barcelona
0801903016,38,227,5.9736843,6.3973064,2025M11,8,Barcelona
0801907085,0,0,0.0,0.0,2025M11,8,Barcelona
0801903014,23,102,4.4347825,2.6589596,2025M11,8,Barcelona
0801903015,40,166,4.15,2.77585,2025M11,8,Barcelona
0801903043,6,22,3.6666667,0.8298755,2025M11,8,Barcelona
0801903045,8,30,3.75,1.3745705,2025M11,8,Barcelona
0801903013,22,97,4.409091,2.4526198,2025M11,8,Barcelona
0801909078,2,8,4.0,0.2994012,2025M11,8,Barcelona
0801904022,16,62,3.875,1.6877637,2025M11,8,Barcelona
0801909080,1,4,4.0,0.15503876,2025M11,8,Barcelona
0801903047,30,134,4.4666667,3.1914895,2025M11,8,Barcelona
0801903011,20,85,4.25,2.344666,2025M11,8,Barcelona
0801903051,11,55,5.0,1.214128,2025M11,8,Barcelona
0801903037,0,0,0.0,0.0,2025M11,8,Barcelona
0801903039,1,6,6.0,0.08992806,2025M11,8,Barcelona
0801903067,1,5,5.0,0.13550135,2025M11,8,Barcelona
0801903009,8,28,3.5,1.4134276,2025M11,8,Barcelona
0801907071,0,0,0.0,0.0,2025M11,8,Barcelona
0801907072,0,0,0.0,0.0,2025M11,8,Barcelona
0801903038,0,0,0.0,0.0,2025M11,8,Barcelona
0801903006,5,16,3.2,0.755287,2025M11,8,Barcelona
0801903078,4,18,4.5,0.50825924,2025M11,8,Barcelona
0801907068,0,0,0.0,0.0,2025M11,8,Barcelona
0801909094,2,6,3.0,0.21645021,2025M11,8,Barcelona
0801903026,0,0,0.0,0.0,2025M11,8,Barcelona
0801903029,0,0,0.0,0.0,2025M11,8,Barcelona
0801909092,0,0,0.0,0.0,2025M11,8,Barcelona
0801907065,1,4,4.0,0.12594458,2025M11,8,Barcelona
0801902173,15,65,4.3333335,1.905972,2025M11,8,Barcelona
0801902172,37,135,3.6486487,4.2675896,2025M11,8,Barcelona
0801910001,1,7,7.0,0.1312336,2025M11,8,Barcelona
0801902171,9,38,4.2222223,1.1015912,2025M11,8,Barcelona
0801903030,0,0,0.0,0.0,2025M11,8,Barcelona
0801902170,17,94,5.529412,2.165605,2025M11,8,Barcelona
0801910009,17,69,4.0588236,1.8201284,2025M11,8,Barcelona
0801907059,0,0,0.0,0.0,2025M11,8,Barcelona
0801902169,21,84,4.0,2.5301204,2025M11,8,Barcelona
0801902168,16,64,4.0,1.3190436,2025M11,8,Barcelona
0801902167,11,56,5.090909,1.089109,2025M11,8,Barcelona
0801903005,19,69,3.631579,2.7696793,2025M11,8,Barcelona
0801910014,8,35,4.375,1.0335917,2025M11,8,Barcelona
0801907053,0,0,0.0,0.0,2025M11,8,Barcelona
0801910018,6,31,5.1666665,0.7585335,2025M11,8,Barcelona
0801902165,42,252,6.0,4.259635,2025M11,8,Barcelona
0801902166,38,203,5.3421054,3.2986112,2025M11,8,Barcelona
0801902163,69,429,6.2173915,6.824926,2025M11,8,Barcelona
0801902161,9,60,6.6666665,1.4681892,2025M11,8,Barcelona
0801902164,42,226,5.3809524,4.1708045,2025M11,8,Barcelona
0801902160,44,245,5.568182,4.0703053,2025M11,8,Barcelona
0801902158,27,133,4.9259257,3.4005039,2025M11,8,Barcelona
0801907047,0,0,0.0,0.0,2025M11,8,Barcelona
0801907045,0,0,0.0,0.0,2025M11,8,Barcelona
0801910027,2,9,4.5,0.2617801,2025M11,8,Barcelona
0801910030,1,3,3.0,0.13192612,2025M11,8,Barcelona
0801902159,35,169,4.8285713,3.7960954,2025M11,8,Barcelona
0801902162,10,66,6.6,1.3947002,2025M11,8,Barcelona
0801902155,11,53,4.818182,1.2485812,2025M11,8,Barcelona
0801902157,8,35,4.375,1.3513514,2025M11,8,Barcelona
0801910034,0,0,0.0,0.0,2025M11,8,Barcelona
0801902153,7,30,4.285714,1.0622154,2025M11,8,Barcelona
0801902156,8,41,5.125,1.2903225,2025M11,8,Barcelona
0801902151,15,66,4.4,1.9633508,2025M11,8,Barcelona
0801902152,11,51,4.6363635,1.7770598,2025M11,8,Barcelona
0801902150,12,53,4.4166665,1.6483517,2025M11,8,Barcelona
0801907032,0,0,0.0,0.0,2025M11,8,Barcelona
0801910042,20,73,3.65,1.4336917,2025M11,8,Barcelona
0801902148,24,137,5.7083335,2.8537455,2025M11,8,Barcelona
0801902154,5,26,5.2,0.96525097,2025M11,8,Barcelona
0801902147,46,322,7.0,4.283054,2025M11,8,Barcelona
0801902149,16,93,5.8125,1.7758046,2025M11,8,Barcelona
0801907024,5,20,4.0,0.6535948,2025M11,8,Barcelona
0801910046,4,11,2.75,0.624025,2025M11,8,Barcelona
0801910047,10,53,5.3,1.2515645,2025M11,8,Barcelona
0801910048,6,24,4.0,0.7202881,2025M11,8,Barcelona
0801907026,4,16,4.0,0.71428573,2025M11,8,Barcelona
0801902145,17,98,5.7647057,2.7070065,2025M11,8,Barcelona
0801902144,15,79,5.266667,1.9633508,2025M11,8,Barcelona
0801902143,14,83,5.928571,1.9257221,2025M11,8,Barcelona
0801902146,16,106,6.625,2.919708,2025M11,8,Barcelona
0801910053,20,96,4.8,2.7063599,2025M11,8,Barcelona
0801907023,3,12,4.0,0.47694755,2025M11,8,Barcelona
0801907021,1,4,4.0,0.20790021,2025M11,8,Barcelona
0801910058,17,65,3.8235295,2.746365,2025M11,8,Barcelona
0801902141,17,124,7.2941175,2.7552674,2025M11,8,Barcelona
0801902140,13,66,5.076923,1.3265306,2025M11,8,Barcelona
0801902139,33,183,5.5454545,3.4303534,2025M11,8,Barcelona
0801902124,5,17,3.4,0.9157509,2025M11,8,Barcelona
0801902137,8,34,4.25,1.1049724,2025M11,8,Barcelona
0801902142,18,118,6.5555553,1.6559337,2025M11,8,Barcelona
0801902138,7,38,5.428571,0.7407407,2025M11,8,Barcelona
0801902125,8,47,5.875,0.96153843,2025M11,8,Barcelona
0801907013,1,4,4.0,0.18621974,2025M11,8,Barcelona
0801902133,20,141,7.05,3.883495,2025M11,8,Barcelona
0801902130,2,10,5.0,0.3960396,2025M11,8,Barcelona
0801902120,8,24,3.0,1.2861736,2025M11,8,Barcelona
0801902127,5,16,3.2,0.70621467,2025M11,8,Barcelona
0801902126,7,36,5.142857,0.9641873,2025M11,8,Barcelona
0801910054,5,37,7.4,1.0416666,2025M11,8,Barcelona
0801902128,0,0,0.0,0.0,2025M11,8,Barcelona
0801902135,24,186,7.75,2.103418,2025M11,8,Barcelona
0801902134,11,71,6.4545455,1.4435695,2025M11,8,Barcelona
0801902123,7,30,4.285714,1.0989012,2025M11,8,Barcelona
0801902122,1,5,5.0,0.19193858,2025M11,8,Barcelona
0801910078,23,123,5.347826,1.9343987,2025M11,8,Barcelona
0801910080,21,125,5.952381,1.3522215,2025M11,8,Barcelona
0801910081,9,44,4.888889,0.8797654,2025M11,8,Barcelona
0801906088,4,16,4.0,0.63492066,2025M11,8,Barcelona
0801902121,3,10,3.3333333,0.47244096,2025M11,8,Barcelona
0801902132,27,164,6.0740743,4.9815497,2025M11,8,Barcelona
0801902136,12,54,4.5,2.7972028,2025M11,8,Barcelona
0801902131,12,88,7.3333335,1.9736842,2025M11,8,Barcelona
0801902129,2,4,2.0,0.25773194,2025M11,8,Barcelona
0801902118,7,26,3.7142856,1.0057471,2025M11,8,Barcelona
0801906085,1,4,4.0,0.1472754,2025M11,8,Barcelona
0801910091,0,0,0.0,0.0,2025M11,8,Barcelona
0801910090,1,3,3.0,0.16863406,2025M11,8,Barcelona
0801910100,10,30,3.0,1.3003901,2025M11,8,Barcelona
0801910094,8,43,5.375,0.51282054,2025M11,8,Barcelona
0801902119,9,56,6.2222223,1.4128728,2025M11,8,Barcelona
0801902116,4,16,4.0,0.8179959,2025M11,8,Barcelona
0801910059,57,227,3.9824562,5.317164,2025M11,8,Barcelona
0801902115,3,8,2.6666667,0.39421815,2025M11,8,Barcelona
0801902117,4,10,2.5,0.661157,2025M11,8,Barcelona
0801910089,3,13,4.3333335,0.42492917,2025M11,8,Barcelona
0801902113,3,12,4.0,0.27075812,2025M11,8,Barcelona
0801902112,4,25,6.25,0.6116208,2025M11,8,Barcelona
0801902111,8,32,4.0,0.78277886,2025M11,8,Barcelona
0801902109,1,4,4.0,0.08726004,2025M11,8,Barcelona
0801902107,10,42,4.2,1.0526316,2025M11,8,Barcelona
0801902106,11,48,4.3636365,1.3205283,2025M11,8,Barcelona
0801910106,0,0,0.0,0.0,2025M11,8,Barcelona
0801902105,4,16,4.0,0.33112583,2025M11,8,Barcelona
0801902104,1,4,4.0,0.16806723,2025M11,8,Barcelona
0801902108,10,45,4.5,1.1299435,2025M11,8,Barcelona
0801902103,16,64,4.0,1.5825915,2025M11,8,Barcelona
0801902102,9,36,4.0,1.2145749,2025M11,8,Barcelona
0801902114,4,13,3.25,0.4540295,2025M11,8,Barcelona
0801910111,4,21,5.25,0.6837607,2025M11,8,Barcelona
0801906065,2,8,4.0,0.3294893,2025M11,8,Barcelona
0801910116,0,0,0.0,0.0,2025M11,8,Barcelona
0801910112,0,0,0.0,0.0,2025M11,8,Barcelona
0801910115,1,6,6.0,0.16393442,2025M11,8,Barcelona
0801902110,3,8,2.6666667,0.2710027,2025M11,8,Barcelona
0801902100,19,107,5.631579,2.5815217,2025M11,8,Barcelona
0801902098,24,139,5.7916665,2.8004668,2025M11,8,Barcelona
0801910120,0,0,0.0,0.0,2025M11,8,Barcelona
0801910122,0,0,0.0,0.0,2025M11,8,Barcelona
0801902101,13,93,7.1538463,1.1514615,2025M11,8,Barcelona
0801902096,36,172,4.7777777,4.83871,2025M11,8,Barcelona
0801910127,0,0,0.0,0.0,2025M11,8,Barcelona
0801906052,12,65,5.4166665,1.2072434,2025M11,8,Barcelona
0801902095,16,90,5.625,2.0356233,2025M11,8,Barcelona
0801902099,27,149,5.5185184,3.4177215,2025M11,8,Barcelona
0801902094,20,102,5.1,2.5641026,2025M11,8,Barcelona
0801902097,25,99,3.96,3.7821484,2025M11,8,Barcelona
0801910132,0,0,0.0,0.0,2025M11,8,Barcelona
0801906049,12,45,3.75,1.6620499,2025M11,8,Barcelona
0801910134,0,0,0.0,0.0,2025M11,8,Barcelona
0801902093,16,78,4.875,1.8411968,2025M11,8,Barcelona
0801910137,2,8,4.0,0.310559,2025M11,8,Barcelona
0801902092,38,197,5.1842103,3.7810946,2025M11,8,Barcelona
0801902088,21,83,3.952381,2.0730503,2025M11,8,Barcelona
0801902090,48,195,4.0625,4.8830113,2025M11,8,Barcelona
0801902089,39,174,4.4615383,3.4120734,2025M11,8,Barcelona
0801902091,38,201,5.2894735,3.35097,2025M11,8,Barcelona
0801902086,28,113,4.035714,3.1818182,2025M11,8,Barcelona
0801902084,46,207,4.5,3.5114503,2025M11,8,Barcelona
0801902087,11,45,4.090909,1.2971698,2025M11,8,Barcelona
0801902083,41,188,4.585366,2.835408,2025M11,8,Barcelona
0801902085,22,94,4.2727275,2.0579982,2025M11,8,Barcelona
0801906036,7,28,4.0,0.94466937,2025M11,8,Barcelona
0801902081,93,510,5.483871,5.6466303,2025M11,8,Barcelona
0801902079,109,483,4.431193,9.494774,2025M11,8,Barcelona
0801902082,44,207,4.7045455,6.0191517,2025M11,8,Barcelona
0801906029,7,36,5.142857,0.8805031,2025M11,8,Barcelona
0801902077,210,1220,5.8095236,15.885023,2025M11,8,Barcelona
0801902076,56,290,5.178571,5.9009485,2025M11,8,Barcelona
0801902078,92,470,5.1086955,8.671065,2025M11,8,Barcelona
0801902074,26,145,5.576923,3.6363637,2025M11,8,Barcelona
0801902073,27,212,7.851852,2.922078,2025M11,8,Barcelona
0801902072,60,434,7.233333,9.646302,2025M11,8,Barcelona
0801902075,57,342,6.0,7.1698112,2025M11,8,Barcelona
0801902080,64,333,5.203125,5.844749,2025M11,8,Barcelona
0801902071,52,335,6.4423075,5.7268724,2025M11,8,Barcelona
0802001001,0,0,0.0,0.0,2025M11,8,Begues
0802001003,5,26,5.2,0.49261084,2025M11,8,Begues
0802001002,3,27,9.0,0.32608697,2025M11,8,Begues
0802101001,0,0,0.0,0.0,2025M11,8,Bellprat
0802203001,5,24,4.8,1.2437811,2025M11,8,Berga
0802202005,0,0,0.0,0.0,2025M11,8,Berga
0802202004,2,11,5.5,0.19762845,2025M11,8,Berga
0802202001,1,6,6.0,0.1261034,2025M11,8,Berga
0802202003,0,0,0.0,0.0,2025M11,8,Berga
0802202002,2,10,5.0,0.3773585,2025M11,8,Berga
0802201002,2,14,7.0,0.2528445,2025M11,8,Berga
0802201005,1,8,8.0,0.096618354,2025M11,8,Berga
0802201003,3,22,7.3333335,0.6756757,2025M11,8,Berga
0802201001,1,4,4.0,0.11918951,2025M11,8,Berga
0802201004,3,14,4.6666665,0.2843602,2025M11,8,Berga
0802201006,0,0,0.0,0.0,2025M11,8,Berga
0802204001,0,0,0.0,0.0,2025M11,8,Berga
0802301005,2,15,7.5,0.41753653,2025M11,8,Bigues i Riells del Fai
0802301004,4,38,9.5,0.3960396,2025M11,8,Bigues i Riells del Fai
0802301002,1,3,3.0,0.10787486,2025M11,8,Bigues i Riells del Fai
0802301001,1,2,2.0,0.11261261,2025M11,8,Bigues i Riells del Fai
0802301003,0,0,0.0,0.0,2025M11,8,Bigues i Riells del Fai
0802401001,12,87,7.25,3.0612245,2025M11,8,Borredà
0802501001,5,37,7.4,0.4145937,2025M11,8,"Bruc, El"
0802601001,6,46,7.6666665,4.8,2025M11,8,"Brull, El"
0802701001,4,24,6.0,1.0666667,2025M11,8,"Cabanyes, Les"
0802801001,1,4,4.0,0.0862069,2025M11,8,Cabrera d'Anoia
0802901001,14,63,4.5,1.081081,2025M11,8,Cabrera de Mar
0802901002,12,56,4.6666665,1.2232416,2025M11,8,Cabrera de Mar
0803001001,11,46,4.181818,1.1247444,2025M11,8,Cabrils
0803001003,10,52,5.2,0.9107468,2025M11,8,Cabrils
0803001002,43,196,4.5581393,3.0846486,2025M11,8,Cabrils
0803101002,0,0,0.0,0.0,2025M11,8,Calaf
0803101001,0,0,0.0,0.0,2025M11,8,Calaf
0803201001,47,236,5.0212765,2.5013306,2025M11,8,Caldes d'Estrac
0803303005,5,46,9.2,0.5688282,2025M11,8,Caldes de Montbui
0803303006,0,0,0.0,0.0,2025M11,8,Caldes de Montbui
0803303003,7,67,9.571428,0.63176894,2025M11,8,Caldes de Montbui
0803301003,0,0,0.0,0.0,2025M11,8,Caldes de Montbui
0803302001,0,0,0.0,0.0,2025M11,8,Caldes de Montbui
0803301002,0,0,0.0,0.0,2025M11,8,Caldes de Montbui
0803301001,1,4,4.0,0.13297872,2025M11,8,Caldes de Montbui
0803303004,0,0,0.0,0.0,2025M11,8,Caldes de Montbui
0803303002,0,0,0.0,0.0,2025M11,8,Caldes de Montbui
0803303001,1,4,4.0,0.11820331,2025M11,8,Caldes de Montbui
0803401001,1,6,6.0,0.17152658,2025M11,8,Calders
0803503004,9,54,6.0,0.9211873,2025M11,8,Calella
0803503002,5,25,5.0,0.37425148,2025M11,8,Calella
0803503003,8,41,5.125,0.74557316,2025M11,8,Calella
0803502001,13,79,6.076923,2.1416805,2025M11,8,Calella
0803502002,24,146,6.0833335,1.8195603,2025M11,8,Calella
0803501001,23,105,4.5652175,2.2265246,2025M11,8,Calella
0803501003,65,311,4.7846155,2.798106,2025M11,8,Calella
0803501002,8,41,5.125,1.2618296,2025M11,8,Calella
0803503001,10,57,5.7,0.73800737,2025M11,8,Calella
0803601001,3,33,11.0,2.4590163,2025M11,8,Calonge de Segarra
0803701001,4,23,5.75,0.3902439,2025M11,8,Calldetenes
0803801001,2,11,5.5,0.19782394,2025M11,8,Callús
0803901001,3,17,5.6666665,0.9836066,2025M11,8,Campins
0804001008,2,8,4.0,0.35149384,2025M11,8,Canet de Mar
0804001009,1,4,4.0,0.15313935,2025M11,8,Canet de Mar
0804001010,2,9,4.5,0.28818443,2025M11,8,Canet de Mar
0804001007,4,16,4.0,0.7707129,2025M11,8,Canet de Mar
0804001006,9,36,4.0,1.0380623,2025M11,8,Canet de Mar
0804001005,22,87,3.9545455,2.600473,2025M11,8,Canet de Mar
0804001003,0,0,0.0,0.0,2025M11,8,Canet de Mar
0804001004,11,50,4.5454545,1.472557,2025M11,8,Canet de Mar
0804001002,26,107,4.1153846,2.28471,2025M11,8,Canet de Mar
0804001001,15,63,4.2,1.632209,2025M11,8,Canet de Mar
0804101002,0,0,0.0,0.0,2025M11,8,Canovelles
0804101003,0,0,0.0,0.0,2025M11,8,Canovelles
0804101004,0,0,0.0,0.0,2025M11,8,Canovelles
0804101005,1,4,4.0,0.15151516,2025M11,8,Canovelles
0804101006,0,0,0.0,0.0,2025M11,8,Canovelles
0804101008,3,12,4.0,0.39421815,2025M11,8,Canovelles
0804101007,0,0,0.0,0.0,2025M11,8,Canovelles
0804101001,0,0,0.0,0.0,2025M11,8,Canovelles
0804201002,0,0,0.0,0.0,2025M11,8,Cànoves i Samalús
0804201001,4,26,6.5,0.5263158,2025M11,8,Cànoves i Samalús
0804301002,37,298,8.054054,2.96237,2025M11,8,Canyelles
0804301001,16,83,5.1875,1.0191083,2025M11,8,Canyelles
0804301003,6,35,5.8333335,0.0,2025M11,8,Canyelles
0804402002,3,28,9.333333,0.34562212,2025M11,8,Capellades
0804402001,1,4,4.0,0.1459854,2025M11,8,Capellades
0804401001,1,16,16.0,0.08196721,2025M11,8,Capellades
0804501001,3,39,13.0,5.0,2025M11,8,Capolat
0804603002,0,0,0.0,0.0,2025M11,8,Cardedeu
0804602005,0,0,0.0,0.0,2025M11,8,Cardedeu
0804603001,0,0,0.0,0.0,2025M11,8,Cardedeu
0804602004,0,0,0.0,0.0,2025M11,8,Cardedeu
0804602003,1,11,11.0,0.14836796,2025M11,8,Cardedeu
0804602001,0,0,0.0,0.0,2025M11,8,Cardedeu
0804601002,3,18,6.0,0.40927693,2025M11,8,Cardedeu
0804601001,3,16,5.3333335,0.41551247,2025M11,8,Cardedeu
0804601003,1,4,4.0,0.12953368,2025M11,8,Cardedeu
0804602002,0,0,0.0,0.0,2025M11,8,Cardedeu
0804702001,10,88,8.8,1.6778524,2025M11,8,Cardona
0804701002,12,70,5.8333335,1.6783217,2025M11,8,Cardona
0804701003,0,0,0.0,0.0,2025M11,8,Cardona
0804701001,10,52,5.2,0.9174312,2025M11,8,Cardona
0804801001,0,0,0.0,0.0,2025M11,8,Carme
0804901001,3,21,7.0,0.30120483,2025M11,8,Casserres
0805001001,11,112,10.181818,9.565217,2025M11,8,Castellar del Riu
0805101014,0,0,0.0,0.0,2025M11,8,Castellar del Vallès
0805101013,0,0,0.0,0.0,2025M11,8,Castellar del Vallès
0805101008,0,0,0.0,0.0,2025M11,8,Castellar del Vallès
0805101012,0,0,0.0,0.0,2025M11,8,Castellar del Vallès
0805101011,0,0,0.0,0.0,2025M11,8,Castellar del Vallès
0805101010,0,0,0.0,0.0,2025M11,8,Castellar del Vallès
0805101009,0,0,0.0,0.0,2025M11,8,Castellar del Vallès
0805101007,0,0,0.0,0.0,2025M11,8,Castellar del Vallès
0805101005,1,4,4.0,0.1438849,2025M11,8,Castellar del Vallès
0805101004,1,6,6.0,0.11587486,2025M11,8,Castellar del Vallès
0805101003,1,4,4.0,0.12804097,2025M11,8,Castellar del Vallès
0805101002,0,0,0.0,0.0,2025M11,8,Castellar del Vallès
0805101001,0,0,0.0,0.0,2025M11,8,Castellar del Vallès
0805101006,3,35,11.666667,0.3452244,2025M11,8,Castellar del Vallès
0805201001,6,40,6.6666665,2.173913,2025M11,8,Castellar de n'Hug
0805301001,0,0,0.0,0.0,2025M11,8,Castellbell i el Vilar
0805301002,10,71,7.1,0.7513148,2025M11,8,Castellbell i el Vilar
0805401006,8,31,3.875,0.74836296,2025M11,8,Castellbisbal
0805401004,0,0,0.0,0.0,2025M11,8,Castellbisbal
0805401001,0,0,0.0,0.0,2025M11,8,Castellbisbal
0805401003,0,0,0.0,0.0,2025M11,8,Castellbisbal
0805401005,0,0,0.0,0.0,2025M11,8,Castellbisbal
0805401002,0,0,0.0,0.0,2025M11,8,Castellbisbal
0805501001,2,18,9.0,0.42016807,2025M11,8,Castellcir
0805601008,1,4,4.0,0.1996008,2025M11,8,Castelldefels
0805601002,0,0,0.0,0.0,2025M11,8,Castelldefels
0805602006,5,18,3.6,0.54288816,2025M11,8,Castelldefels
0805603002,4,24,6.0,0.913242,2025M11,8,Castelldefels
0805605006,6,28,4.6666665,0.86083215,2025M11,8,Castelldefels
0805605001,8,33,4.125,0.8324662,2025M11,8,Castelldefels
0805605003,9,35,3.8888888,0.972973,2025M11,8,Castelldefels
0805605004,4,30,7.5,0.41365045,2025M11,8,Castelldefels
0805605005,5,23,4.6,0.6361323,2025M11,8,Castelldefels
0805604005,14,79,5.642857,2.4263432,2025M11,8,Castelldefels
0805605002,23,108,4.695652,1.773323,2025M11,8,Castelldefels
0805604006,33,136,4.121212,3.5069075,2025M11,8,Castelldefels
0805604004,33,189,5.7272725,2.4571855,2025M11,8,Castelldefels
0805604003,25,156,6.24,2.401537,2025M11,8,Castelldefels
0805605007,8,45,5.625,0.8879023,2025M11,8,Castelldefels
0805604002,15,92,6.133333,1.6556292,2025M11,8,Castelldefels
0805603006,2,14,7.0,0.55401665,2025M11,8,Castelldefels
0805604001,7,49,7.0,0.7625272,2025M11,8,Castelldefels
0805603001,1,4,4.0,0.14513788,2025M11,8,Castelldefels
0805603004,1,4,4.0,0.13623978,2025M11,8,Castelldefels
0805603003,0,0,0.0,0.0,2025M11,8,Castelldefels
0805602002,1,4,4.0,0.14925373,2025M11,8,Castelldefels
0805602007,1,6,6.0,0.16666667,2025M11,8,Castelldefels
0805604007,5,22,4.4,0.60240966,2025M11,8,Castelldefels
0805602005,0,0,0.0,0.0,2025M11,8,Castelldefels
0805602004,10,30,3.0,1.1363636,2025M11,8,Castelldefels
0805602003,1,4,4.0,0.118906066,2025M11,8,Castelldefels
0805602001,2,8,4.0,0.23923445,2025M11,8,Castelldefels
0805601010,0,0,0.0,0.0,2025M11,8,Castelldefels
0805601009,1,4,4.0,0.15822785,2025M11,8,Castelldefels
0805603005,0,0,0.0,0.0,2025M11,8,Castelldefels
0805601004,1,4,4.0,0.16977929,2025M11,8,Castelldefels
0805601005,1,4,4.0,0.13513513,2025M11,8,Castelldefels
0805601003,0,0,0.0,0.0,2025M11,8,Castelldefels
0805601006,0,0,0.0,0.0,2025M11,8,Castelldefels
0805601001,0,0,0.0,0.0,2025M11,8,Castelldefels
0805601007,1,4,4.0,0.14204545,2025M11,8,Castelldefels
0805701001,3,12,4.0,4.5454545,2025M11,8,Castell de l'Areny
0805801001,18,176,9.777778,1.0632014,2025M11,8,Castellet i la Gornal
0805901001,5,23,4.6,1.347709,2025M11,8,Castellfollit del Boix
0806001001,1,10,10.0,0.625,2025M11,8,Castellfollit de Riubregós
0806101001,1,2,2.0,0.087796316,2025M11,8,Castellgalí
0806201001,7,60,8.571428,1.0263929,2025M11,8,Castellnou de Bages
0806301001,1,12,12.0,0.32786885,2025M11,8,Castellolí
0806401001,5,36,7.2,0.31113878,2025M11,8,Castellterçol
0806401002,5,66,13.2,0.0,2025M11,8,Castellterçol
0806501001,7,66,9.428572,0.84745765,2025M11,8,Castellví de la Marca
0806601001,1,11,11.0,0.114025086,2025M11,8,Castellví de Rosanes
0806701003,2,8,4.0,0.21119325,2025M11,8,Centelles
0806701001,2,8,4.0,0.23121387,2025M11,8,Centelles
0806701002,1,2,2.0,0.1356852,2025M11,8,Centelles
0806701004,0,0,0.0,0.0,2025M11,8,Centelles
0806801005,1,10,10.0,0.24570024,2025M11,8,Cervelló
0806801004,4,25,6.25,0.37914693,2025M11,8,Cervelló
0806801001,1,6,6.0,0.093023255,2025M11,8,Cervelló
0806801002,3,15,5.0,0.2991027,2025M11,8,Cervelló
0806801003,1,10,10.0,0.19685039,2025M11,8,Cervelló
0806901004,3,17,5.6666665,0.0,2025M11,8,Collbató
0806901001,9,48,5.3333335,0.80500895,2025M11,8,Collbató
0806901003,4,28,7.0,0.46893317,2025M11,8,Collbató
0807001001,2,21,10.5,0.9708738,2025M11,8,Collsuspina
0807101001,3,16,5.3333335,1.4634147,2025M11,8,Copons
0807201008,2,10,5.0,0.37664783,2025M11,8,Corbera de Llobregat
0807201011,3,12,4.0,0.53475934,2025M11,8,Corbera de Llobregat
0807201009,0,0,0.0,0.0,2025M11,8,Corbera de Llobregat
0807201003,0,0,0.0,0.0,2025M11,8,Corbera de Llobregat
0807201001,4,28,7.0,0.5813953,2025M11,8,Corbera de Llobregat
0807201002,1,4,4.0,0.08733624,2025M11,8,Corbera de Llobregat
0807201004,3,19,6.3333335,0.6756757,2025M11,8,Corbera de Llobregat
0807201007,0,0,0.0,0.0,2025M11,8,Corbera de Llobregat
0807201006,0,0,0.0,0.0,2025M11,8,Corbera de Llobregat
0807201010,1,4,4.0,0.16863406,2025M11,8,Corbera de Llobregat
0807201005,0,0,0.0,0.0,2025M11,8,Corbera de Llobregat
0807306014,0,0,0.0,0.0,2025M11,8,Cornellà de Llobregat
0807306015,0,0,0.0,0.0,2025M11,8,Cornellà de Llobregat
0807306013,1,4,4.0,0.30120483,2025M11,8,Cornellà de Llobregat
0807306010,3,8,2.6666667,0.46583852,2025M11,8,Cornellà de Llobregat
0807306009,1,4,4.0,0.12531328,2025M11,8,Cornellà de Llobregat
0807306007,1,4,4.0,0.24390244,2025M11,8,Cornellà de Llobregat
0807306005,1,4,4.0,0.15384616,2025M11,8,Cornellà de Llobregat
0807306004,1,4,4.0,0.1572327,2025M11,8,Cornellà de Llobregat
0807305010,1,2,2.0,0.2020202,2025M11,8,Cornellà de Llobregat
0807305008,0,0,0.0,0.0,2025M11,8,Cornellà de Llobregat
0807305006,0,0,0.0,0.0,2025M11,8,Cornellà de Llobregat
0807305005,1,2,2.0,0.23866348,2025M11,8,Cornellà de Llobregat
0807305007,0,0,0.0,0.0,2025M11,8,Cornellà de Llobregat
0807305001,1,5,5.0,0.29761904,2025M11,8,Cornellà de Llobregat
0807304015,1,4,4.0,0.265252,2025M11,8,Cornellà de Llobregat
0807304016,0,0,0.0,0.0,2025M11,8,Cornellà de Llobregat
0807304018,1,6,6.0,0.26881722,2025M11,8,Cornellà de Llobregat
0807304014,1,9,9.0,0.21276596,2025M11,8,Cornellà de Llobregat
0807306001,3,12,4.0,0.2857143,2025M11,8,Cornellà de Llobregat
0807304013,0,0,0.0,0.0,2025M11,8,Cornellà de Llobregat
0807304001,1,4,4.0,0.17985612,2025M11,8,Cornellà de Llobregat
0807304008,2,8,4.0,0.3003003,2025M11,8,Cornellà de Llobregat
0807304004,0,0,0.0,0.0,2025M11,8,Cornellà de Llobregat
0807303008,0,0,0.0,0.0,2025M11,8,Cornellà de Llobregat
0807302001,10,44,4.4,1.112347,2025M11,8,Cornellà de Llobregat
0807301013,2,7,3.5,0.3448276,2025M11,8,Cornellà de Llobregat
0807303006,3,12,4.0,0.71428573,2025M11,8,Cornellà de Llobregat
0807304011,0,0,0.0,0.0,2025M11,8,Cornellà de Llobregat
0807303005,0,0,0.0,0.0,2025M11,8,Cornellà de Llobregat
0807303002,1,6,6.0,0.24875621,2025M11,8,Cornellà de Llobregat
0807303001,4,18,4.5,0.6451613,2025M11,8,Cornellà de Llobregat
0807302002,7,31,4.428571,0.621118,2025M11,8,Cornellà de Llobregat
0807301010,0,0,0.0,0.0,2025M11,8,Cornellà de Llobregat
0807301009,1,4,4.0,0.19646366,2025M11,8,Cornellà de Llobregat
0807301008,2,8,4.0,0.2621232,2025M11,8,Cornellà de Llobregat
0807301004,7,41,5.857143,0.7936508,2025M11,8,Cornellà de Llobregat
0807301003,7,26,3.7142856,1.0954616,2025M11,8,Cornellà de Llobregat
0807301002,0,0,0.0,0.0,2025M11,8,Cornellà de Llobregat
0807304017,0,0,0.0,0.0,2025M11,8,Cornellà de Llobregat
0807304019,0,0,0.0,0.0,2025M11,8,Cornellà de Llobregat
0807301001,2,8,4.0,0.18903592,2025M11,8,Cornellà de Llobregat
0807301005,2,6,3.0,0.3752345,2025M11,8,Cornellà de Llobregat
0807301006,3,12,4.0,0.83102494,2025M11,8,Cornellà de Llobregat
0807301007,0,0,0.0,0.0,2025M11,8,Cornellà de Llobregat
0807305009,0,0,0.0,0.0,2025M11,8,Cornellà de Llobregat
0807301011,4,20,5.0,0.8492569,2025M11,8,Cornellà de Llobregat
0807301012,3,13,4.3333335,0.65789473,2025M11,8,Cornellà de Llobregat
0807303009,0,0,0.0,0.0,2025M11,8,Cornellà de Llobregat
0807304012,0,0,0.0,0.0,2025M11,8,Cornellà de Llobregat
0807306008,6,24,4.0,0.96153843,2025M11,8,Cornellà de Llobregat
0807303004,1,5,5.0,0.11098779,2025M11,8,Cornellà de Llobregat
0807302004,2,6,3.0,0.0,2025M11,8,Cornellà de Llobregat
0807301014,1,4,4.0,0.17857143,2025M11,8,Cornellà de Llobregat
0807303003,3,12,4.0,0.77922076,2025M11,8,Cornellà de Llobregat
0807302003,0,0,0.0,0.0,2025M11,8,Cornellà de Llobregat
0807303007,1,4,4.0,0.17152658,2025M11,8,Cornellà de Llobregat
0807303010,0,0,0.0,0.0,2025M11,8,Cornellà de Llobregat
0807304002,0,0,0.0,0.0,2025M11,8,Cornellà de Llobregat
0807304003,1,2,2.0,0.16891892,2025M11,8,Cornellà de Llobregat
0807304010,3,15,5.0,0.6423983,2025M11,8,Cornellà de Llobregat
0807304005,0,0,0.0,0.0,2025M11,8,Cornellà de Llobregat
0807304006,0,0,0.0,0.0,2025M11,8,Cornellà de Llobregat
0807304007,0,0,0.0,0.0,2025M11,8,Cornellà de Llobregat
0807305003,1,5,5.0,0.21505377,2025M11,8,Cornellà de Llobregat
0807304009,1,4,4.0,0.24038461,2025M11,8,Cornellà de Llobregat
0807305002,1,4,4.0,0.1293661,2025M11,8,Cornellà de Llobregat
0807401010,2,7,3.5,0.4282655,2025M11,8,Cubelles
0807401009,1,4,4.0,0.15649453,2025M11,8,Cubelles
0807401007,31,145,4.677419,1.4581374,2025M11,8,Cubelles
0807401006,8,63,7.875,0.6595218,2025M11,8,Cubelles
0807401005,19,119,6.263158,1.0275825,2025M11,8,Cubelles
0807401004,0,0,0.0,0.0,2025M11,8,Cubelles
0807401003,4,24,6.0,0.35746202,2025M11,8,Cubelles
0807401002,5,43,8.6,0.6385696,2025M11,8,Cubelles
0807401008,29,197,6.793103,2.9866118,2025M11,8,Cubelles
0807401001,5,30,6.0,0.9310987,2025M11,8,Cubelles
0807501003,8,30,3.75,1.2030075,2025M11,8,Dosrius
0807501002,4,16,4.0,0.30557677,2025M11,8,Dosrius
0807501001,4,16,4.0,0.53475934,2025M11,8,Dosrius
0807602004,0,0,0.0,0.0,2025M11,8,Esparreguera
0807602005,0,0,0.0,0.0,2025M11,8,Esparreguera
0807602002,0,0,0.0,0.0,2025M11,8,Esparreguera
0807602001,0,0,0.0,0.0,2025M11,8,Esparreguera
0807601006,0,0,0.0,0.0,2025M11,8,Esparreguera
0807601005,2,6,3.0,0.41666666,2025M11,8,Esparreguera
0807601004,1,3,3.0,0.08726004,2025M11,8,Esparreguera
0807601002,1,4,4.0,0.106269926,2025M11,8,Esparreguera
0807601003,1,4,4.0,0.11574074,2025M11,8,Esparreguera
0807602003,5,24,4.8,0.625,2025M11,8,Esparreguera
0807601001,0,0,0.0,0.0,2025M11,8,Esparreguera
0807710008,2,10,5.0,0.24630542,2025M11,8,Esplugues de Llobregat
0807710006,7,16,2.2857144,0.9408602,2025M11,8,Esplugues de Llobregat
0807710005,8,18,2.25,1.5122874,2025M11,8,Esplugues de Llobregat
0807709002,2,8,4.0,0.28368795,2025M11,8,Esplugues de Llobregat
0807710001,1,6,6.0,0.12121212,2025M11,8,Esplugues de Llobregat
0807710003,2,12,6.0,0.21786493,2025M11,8,Esplugues de Llobregat
0807707001,1,6,6.0,0.23094688,2025M11,8,Esplugues de Llobregat
0807705001,4,16,4.0,1.5209125,2025M11,8,Esplugues de Llobregat
0807704001,7,34,4.857143,1.4613779,2025M11,8,Esplugues de Llobregat
0807709001,0,0,0.0,0.0,2025M11,8,Esplugues de Llobregat
0807708002,2,8,4.0,0.2020202,2025M11,8,Esplugues de Llobregat
0807703001,0,0,0.0,0.0,2025M11,8,Esplugues de Llobregat
0807710004,6,16,2.6666667,1.0084034,2025M11,8,Esplugues de Llobregat
0807701004,0,0,0.0,0.0,2025M11,8,Esplugues de Llobregat
0807702005,1,2,2.0,0.1388889,2025M11,8,Esplugues de Llobregat
0807710007,2,7,3.5,0.3305785,2025M11,8,Esplugues de Llobregat
0807701005,1,6,6.0,0.14534883,2025M11,8,Esplugues de Llobregat
0807702003,0,0,0.0,0.0,2025M11,8,Esplugues de Llobregat
0807703002,0,0,0.0,0.0,2025M11,8,Esplugues de Llobregat
0807702001,1,5,5.0,0.16722408,2025M11,8,Esplugues de Llobregat
0807708001,0,0,0.0,0.0,2025M11,8,Esplugues de Llobregat
0807710002,2,10,5.0,0.37383178,2025M11,8,Esplugues de Llobregat
0807702004,0,0,0.0,0.0,2025M11,8,Esplugues de Llobregat
0807701003,1,2,2.0,0.1472754,2025M11,8,Esplugues de Llobregat
0807701002,1,4,4.0,0.17513135,2025M11,8,Esplugues de Llobregat
0807702002,0,0,0.0,0.0,2025M11,8,Esplugues de Llobregat
0807702006,4,16,4.0,0.5442177,2025M11,8,Esplugues de Llobregat
0807701001,1,2,2.0,0.098425195,2025M11,8,Esplugues de Llobregat
0807801001,4,48,12.0,3.125,2025M11,8,"Espunyola, L'"
0807901001,1,6,6.0,0.2967359,2025M11,8,"Estany, L'"
0808001001,0,0,0.0,0.0,2025M11,8,Fígols
0808101001,13,100,7.6923075,4.9242425,2025M11,8,Fogars de Montclús
0808201001,9,63,7.0,0.9533898,2025M11,8,Fogars de la Selva
0808301001,0,0,0.0,0.0,2025M11,8,Folgueroles
0808401001,4,32,8.0,0.49875313,2025M11,8,Fonollosa
0808501001,9,74,8.222222,1.1421319,2025M11,8,Font-rubí
0808601006,0,0,0.0,0.0,2025M11,8,"Franqueses del Vallès, Les"
0808601007,0,0,0.0,0.0,2025M11,8,"Franqueses del Vallès, Les"
0808602001,3,34,11.333333,0.2757353,2025M11,8,"Franqueses del Vallès, Les"
0808601009,0,0,0.0,0.0,2025M11,8,"Franqueses del Vallès, Les"
0808601008,0,0,0.0,0.0,2025M11,8,"Franqueses del Vallès, Les"
0808601005,0,0,0.0,0.0,2025M11,8,"Franqueses del Vallès, Les"
0808601004,0,0,0.0,0.0,2025M11,8,"Franqueses del Vallès, Les"
0808601003,0,0,0.0,0.0,2025M11,8,"Franqueses del Vallès, Les"
0808601002,0,0,0.0,0.0,2025M11,8,"Franqueses del Vallès, Les"
0808601001,1,14,14.0,0.11061947,2025M11,8,"Franqueses del Vallès, Les"
0808601010,0,0,0.0,0.0,2025M11,8,"Franqueses del Vallès, Les"
0808701001,0,0,0.0,0.0,2025M11,8,Gallifa
0808802006,0,0,0.0,0.0,2025M11,8,"Garriga, La"
0808802001,4,22,5.5,0.95238096,2025M11,8,"Garriga, La"
0808802003,0,0,0.0,0.0,2025M11,8,"Garriga, La"
0808802004,1,6,6.0,0.30864197,2025M11,8,"Garriga, La"
0808802002,3,10,3.3333333,0.33333334,2025M11,8,"Garriga, La"
0808801002,3,16,5.3333335,0.3558719,2025M11,8,"Garriga, La"
0808801003,2,11,5.5,0.4,2025M11,8,"Garriga, La"
0808802005,0,0,0.0,0.0,2025M11,8,"Garriga, La"
0808801001,5,22,4.4,0.45207956,2025M11,8,"Garriga, La"
0808801004,1,6,6.0,0.13908206,2025M11,8,"Garriga, La"
0808901007,40,183,4.575,2.4169185,2025M11,8,Gavà
0808901008,18,97,5.388889,1.0701545,2025M11,8,Gavà
0808902001,1,5,5.0,0.11025358,2025M11,8,Gavà
0808902003,0,0,0.0,0.0,2025M11,8,Gavà
0808902007,1,4,4.0,0.28490028,2025M11,8,Gavà
0808902008,0,0,0.0,0.0,2025M11,8,Gavà
0808902009,0,0,0.0,0.0,2025M11,8,Gavà
0808902010,0,0,0.0,0.0,2025M11,8,Gavà
0808903001,0,0,0.0,0.0,2025M11,8,Gavà
0808903003,0,0,0.0,0.0,2025M11,8,Gavà
0808902005,0,0,0.0,0.0,2025M11,8,Gavà
0808903004,0,0,0.0,0.0,2025M11,8,Gavà
0808903008,0,0,0.0,0.0,2025M11,8,Gavà
0808904001,1,6,6.0,0.111856826,2025M11,8,Gavà
0808904002,0,0,0.0,0.0,2025M11,8,Gavà
0808903007,0,0,0.0,0.0,2025M11,8,Gavà
0808903009,2,22,11.0,0.0,2025M11,8,Gavà
0808903005,1,4,4.0,0.12300123,2025M11,8,Gavà
0808903006,0,0,0.0,0.0,2025M11,8,Gavà
0808903002,0,0,0.0,0.0,2025M11,8,Gavà
0808902006,0,0,0.0,0.0,2025M11,8,Gavà
0808902002,0,0,0.0,0.0,2025M11,8,Gavà
0808902004,0,0,0.0,0.0,2025M11,8,Gavà
0808901005,1,8,8.0,0.18083182,2025M11,8,Gavà
0808901004,1,5,5.0,0.13245033,2025M11,8,Gavà
0808901003,1,5,5.0,0.12468828,2025M11,8,Gavà
0808901002,1,4,4.0,0.12755102,2025M11,8,Gavà
0808901001,2,12,6.0,0.2567394,2025M11,8,Gavà
0808901006,0,0,0.0,0.0,2025M11,8,Gavà
0809001001,1,11,11.0,0.877193,2025M11,8,Gaià
0809101002,3,22,7.3333335,0.27027026,2025M11,8,Gelida
0809102001,4,29,7.25,0.29239765,2025M11,8,Gelida
0809101001,3,21,7.0,0.2166065,2025M11,8,Gelida
0809201001,4,23,5.75,0.4784689,2025M11,8,Gironella
0809202002,2,13,6.5,0.28653294,2025M11,8,Gironella
0809202003,2,8,4.0,0.23952095,2025M11,8,Gironella
0809301001,4,32,8.0,0.0,2025M11,8,Gisclareny
0809401001,4,20,5.0,0.39486673,2025M11,8,"Granada, La"
0809501001,7,40,5.714286,6.140351,2025M11,8,Granera
0809604011,0,0,0.0,0.0,2025M11,8,Granollers
0809604009,0,0,0.0,0.0,2025M11,8,Granollers
0809601003,0,0,0.0,0.0,2025M11,8,Granollers
0809604008,0,0,0.0,0.0,2025M11,8,Granollers
0809601005,0,0,0.0,0.0,2025M11,8,Granollers
0809604007,2,8,4.0,0.20408164,2025M11,8,Granollers
0809604004,0,0,0.0,0.0,2025M11,8,Granollers
0809601010,1,4,4.0,0.14430015,2025M11,8,Granollers
0809604002,4,20,5.0,0.42780748,2025M11,8,Granollers
0809604001,2,8,4.0,0.17636684,2025M11,8,Granollers
0809602002,0,0,0.0,0.0,2025M11,8,Granollers
0809603008,0,0,0.0,0.0,2025M11,8,Granollers
0809603005,0,0,0.0,0.0,2025M11,8,Granollers
0809601011,2,8,4.0,0.27700832,2025M11,8,Granollers
0809603010,0,0,0.0,0.0,2025M11,8,Granollers
0809604003,0,0,0.0,0.0,2025M11,8,Granollers
0809603009,0,0,0.0,0.0,2025M11,8,Granollers
0809601004,0,0,0.0,0.0,2025M11,8,Granollers
0809602003,0,0,0.0,0.0,2025M11,8,Granollers
0809603007,0,0,0.0,0.0,2025M11,8,Granollers
0809603003,0,0,0.0,0.0,2025M11,8,Granollers
0809603006,1,4,4.0,0.1754386,2025M11,8,Granollers
0809602007,0,0,0.0,0.0,2025M11,8,Granollers
0809603001,2,8,4.0,0.17985612,2025M11,8,Granollers
0809603002,1,4,4.0,0.12787724,2025M11,8,Granollers
0809602006,0,0,0.0,0.0,2025M11,8,Granollers
0809602005,0,0,0.0,0.0,2025M11,8,Granollers
0809602004,0,0,0.0,0.0,2025M11,8,Granollers
0809602001,0,0,0.0,0.0,2025M11,8,Granollers
0809604006,0,0,0.0,0.0,2025M11,8,Granollers
0809601009,1,4,4.0,0.103950106,2025M11,8,Granollers
0809604010,0,0,0.0,0.0,2025M11,8,Granollers
0809601006,0,0,0.0,0.0,2025M11,8,Granollers
0809601001,0,0,0.0,0.0,2025M11,8,Granollers
0809603004,2,14,7.0,0.25773194,2025M11,8,Granollers
0809701001,14,115,8.214286,1.7262639,2025M11,8,Gualba
0809801002,1,4,4.0,0.13089006,2025M11,8,Sant Salvador de Guardiola
0809801001,5,15,3.0,0.5931198,2025M11,8,Sant Salvador de Guardiola
0809901001,20,98,4.9,2.7777777,2025M11,8,Guardiola de Berguedà
0810001002,0,0,0.0,0.0,2025M11,8,Gurb
0810001001,4,56,14.0,1.1869437,2025M11,8,Gurb
0810105037,14,30,2.142857,2.7888446,2025M11,8,"Hospitalet de Llobregat, L'"
0810106025,0,0,0.0,0.0,2025M11,8,"Hospitalet de Llobregat, L'"
0810106005,1,4,4.0,0.15060242,2025M11,8,"Hospitalet de Llobregat, L'"
0810106006,0,0,0.0,0.0,2025M11,8,"Hospitalet de Llobregat, L'"
0810106007,0,0,0.0,0.0,2025M11,8,"Hospitalet de Llobregat, L'"
0810106009,1,6,6.0,0.2967359,2025M11,8,"Hospitalet de Llobregat, L'"
0810106011,0,0,0.0,0.0,2025M11,8,"Hospitalet de Llobregat, L'"
0810106031,0,0,0.0,0.0,2025M11,8,"Hospitalet de Llobregat, L'"
0810106026,0,0,0.0,0.0,2025M11,8,"Hospitalet de Llobregat, L'"
0810106013,0,0,0.0,0.0,2025M11,8,"Hospitalet de Llobregat, L'"
0810106027,1,1,1.0,0.2631579,2025M11,8,"Hospitalet de Llobregat, L'"
0810106016,5,15,3.0,0.6793478,2025M11,8,"Hospitalet de Llobregat, L'"
0810106022,1,2,2.0,0.3125,2025M11,8,"Hospitalet de Llobregat, L'"
0810106019,1,5,5.0,0.18552876,2025M11,8,"Hospitalet de Llobregat, L'"
0810106018,0,0,0.0,0.0,2025M11,8,"Hospitalet de Llobregat, L'"
0810106023,2,5,2.5,0.36036035,2025M11,8,"Hospitalet de Llobregat, L'"
0810106024,2,6,3.0,0.48899755,2025M11,8,"Hospitalet de Llobregat, L'"
0810106015,0,0,0.0,0.0,2025M11,8,"Hospitalet de Llobregat, L'"
0810106014,0,0,0.0,0.0,2025M11,8,"Hospitalet de Llobregat, L'"
0810106030,1,2,2.0,0.29761904,2025M11,8,"Hospitalet de Llobregat, L'"
0810106001,2,2,1.0,0.25510204,2025M11,8,"Hospitalet de Llobregat, L'"
0810105038,9,32,3.5555556,1.6544118,2025M11,8,"Hospitalet de Llobregat, L'"
0810106002,0,0,0.0,0.0,2025M11,8,"Hospitalet de Llobregat, L'"
0810105035,0,0,0.0,0.0,2025M11,8,"Hospitalet de Llobregat, L'"
0810105034,2,10,5.0,0.5221932,2025M11,8,"Hospitalet de Llobregat, L'"
0810105033,6,19,3.1666667,0.7894737,2025M11,8,"Hospitalet de Llobregat, L'"
0810105032,2,3,1.5,0.34965035,2025M11,8,"Hospitalet de Llobregat, L'"
0810105029,3,6,2.0,0.5859375,2025M11,8,"Hospitalet de Llobregat, L'"
0810105026,7,25,3.5714285,0.9762901,2025M11,8,"Hospitalet de Llobregat, L'"
0810105024,3,12,4.0,0.58365756,2025M11,8,"Hospitalet de Llobregat, L'"
0810106008,0,0,0.0,0.0,2025M11,8,"Hospitalet de Llobregat, L'"
0810105031,0,0,0.0,0.0,2025M11,8,"Hospitalet de Llobregat, L'"
0810105021,0,0,0.0,0.0,2025M11,8,"Hospitalet de Llobregat, L'"
0810105020,2,7,3.5,0.5952381,2025M11,8,"Hospitalet de Llobregat, L'"
0810105018,1,2,2.0,0.23041475,2025M11,8,"Hospitalet de Llobregat, L'"
0810105017,2,9,4.5,0.2496879,2025M11,8,"Hospitalet de Llobregat, L'"
0810105014,1,2,2.0,0.18518518,2025M11,8,"Hospitalet de Llobregat, L'"
0810105013,6,21,3.5,1.0434783,2025M11,8,"Hospitalet de Llobregat, L'"
0810105011,20,60,3.0,2.2831051,2025M11,8,"Hospitalet de Llobregat, L'"
0810105008,6,16,2.6666667,1.0563381,2025M11,8,"Hospitalet de Llobregat, L'"
0810105007,3,7,2.3333333,0.8287293,2025M11,8,"Hospitalet de Llobregat, L'"
0810105006,2,6,3.0,0.2840909,2025M11,8,"Hospitalet de Llobregat, L'"
0810105004,0,0,0.0,0.0,2025M11,8,"Hospitalet de Llobregat, L'"
0810105003,0,0,0.0,0.0,2025M11,8,"Hospitalet de Llobregat, L'"
0810105002,0,0,0.0,0.0,2025M11,8,"Hospitalet de Llobregat, L'"
0810104040,0,0,0.0,0.0,2025M11,8,"Hospitalet de Llobregat, L'"
0810104041,4,16,4.0,0.47114253,2025M11,8,"Hospitalet de Llobregat, L'"
0810104035,1,1,1.0,0.22321428,2025M11,8,"Hospitalet de Llobregat, L'"
0810104033,0,0,0.0,0.0,2025M11,8,"Hospitalet de Llobregat, L'"
0810104036,4,6,1.5,0.7259528,2025M11,8,"Hospitalet de Llobregat, L'"
0810105001,0,0,0.0,0.0,2025M11,8,"Hospitalet de Llobregat, L'"
0810104032,3,10,3.3333333,0.6185567,2025M11,8,"Hospitalet de Llobregat, L'"
0810104031,1,6,6.0,0.17271157,2025M11,8,"Hospitalet de Llobregat, L'"
0810104025,1,5,5.0,0.24570024,2025M11,8,"Hospitalet de Llobregat, L'"
0810104027,2,8,4.0,0.31897926,2025M11,8,"Hospitalet de Llobregat, L'"
0810104018,4,11,2.75,0.7751938,2025M11,8,"Hospitalet de Llobregat, L'"
0810104019,4,15,3.75,0.5242464,2025M11,8,"Hospitalet de Llobregat, L'"
0810104021,0,0,0.0,0.0,2025M11,8,"Hospitalet de Llobregat, L'"
0810102007,21,66,3.142857,2.6448362,2025M11,8,"Hospitalet de Llobregat, L'"
0810104016,7,25,3.5714285,1.268116,2025M11,8,"Hospitalet de Llobregat, L'"
0810104012,2,9,4.5,0.31847134,2025M11,8,"Hospitalet de Llobregat, L'"
0810104009,2,11,5.5,0.26737967,2025M11,8,"Hospitalet de Llobregat, L'"
0810104002,1,1,1.0,0.28089887,2025M11,8,"Hospitalet de Llobregat, L'"
0810104010,2,6,3.0,0.30769232,2025M11,8,"Hospitalet de Llobregat, L'"
0810104007,0,0,0.0,0.0,2025M11,8,"Hospitalet de Llobregat, L'"
0810102012,10,30,3.0,1.6977929,2025M11,8,"Hospitalet de Llobregat, L'"
0810104003,2,3,1.5,0.41322315,2025M11,8,"Hospitalet de Llobregat, L'"
0810104004,0,0,0.0,0.0,2025M11,8,"Hospitalet de Llobregat, L'"
0810104005,0,0,0.0,0.0,2025M11,8,"Hospitalet de Llobregat, L'"
0810104001,1,4,4.0,0.21978022,2025M11,8,"Hospitalet de Llobregat, L'"
0810103029,7,27,3.857143,1.0752689,2025M11,8,"Hospitalet de Llobregat, L'"
0810103016,5,21,4.2,0.5760369,2025M11,8,"Hospitalet de Llobregat, L'"
0810103026,12,48,4.0,1.494396,2025M11,8,"Hospitalet de Llobregat, L'"
0810103025,2,11,5.5,0.24390244,2025M11,8,"Hospitalet de Llobregat, L'"
0810103017,6,25,4.1666665,1.3513514,2025M11,8,"Hospitalet de Llobregat, L'"
0810103024,18,70,3.8888888,3.5856574,2025M11,8,"Hospitalet de Llobregat, L'"
0810103022,0,0,0.0,0.0,2025M11,8,"Hospitalet de Llobregat, L'"
0810103020,62,282,4.548387,7.398568,2025M11,8,"Hospitalet de Llobregat, L'"
0810103018,4,18,4.5,1.2578616,2025M11,8,"Hospitalet de Llobregat, L'"
0810102048,5,18,3.6,1.002004,2025M11,8,"Hospitalet de Llobregat, L'"
0810103014,13,54,4.1538463,1.3278856,2025M11,8,"Hospitalet de Llobregat, L'"
0810103015,19,72,3.7894738,2.259215,2025M11,8,"Hospitalet de Llobregat, L'"
0810103010,2,6,3.0,0.47619048,2025M11,8,"Hospitalet de Llobregat, L'"
0810103023,2,6,3.0,0.2766252,2025M11,8,"Hospitalet de Llobregat, L'"
0810103005,2,11,5.5,0.29154518,2025M11,8,"Hospitalet de Llobregat, L'"
0810103006,3,13,4.3333335,0.40705562,2025M11,8,"Hospitalet de Llobregat, L'"
0810103008,3,11,3.6666667,0.32188842,2025M11,8,"Hospitalet de Llobregat, L'"
0810103009,13,41,3.1538463,2.3049645,2025M11,8,"Hospitalet de Llobregat, L'"
0810103002,4,13,3.25,0.6369427,2025M11,8,"Hospitalet de Llobregat, L'"
0810102049,4,17,4.25,0.86580086,2025M11,8,"Hospitalet de Llobregat, L'"
0810103007,1,5,5.0,0.16666667,2025M11,8,"Hospitalet de Llobregat, L'"
0810103001,6,30,5.0,0.955414,2025M11,8,"Hospitalet de Llobregat, L'"
0810102047,4,20,5.0,0.776699,2025M11,8,"Hospitalet de Llobregat, L'"
0810103028,6,19,3.1666667,0.9661836,2025M11,8,"Hospitalet de Llobregat, L'"
0810102046,5,22,4.4,1.1389521,2025M11,8,"Hospitalet de Llobregat, L'"
0810103004,4,22,5.5,0.45095828,2025M11,8,"Hospitalet de Llobregat, L'"
0810102045,2,9,4.5,0.44345897,2025M11,8,"Hospitalet de Llobregat, L'"
0810102043,20,91,4.55,2.9761906,2025M11,8,"Hospitalet de Llobregat, L'"
0810103003,2,12,6.0,0.27210885,2025M11,8,"Hospitalet de Llobregat, L'"
0810102042,6,30,5.0,1.2631578,2025M11,8,"Hospitalet de Llobregat, L'"
0810102039,8,30,3.75,1.4010508,2025M11,8,"Hospitalet de Llobregat, L'"
0810102038,7,28,4.0,1.6470588,2025M11,8,"Hospitalet de Llobregat, L'"
0810102037,3,14,4.6666665,0.53956836,2025M11,8,"Hospitalet de Llobregat, L'"
0810102040,13,65,5.0,1.925926,2025M11,8,"Hospitalet de Llobregat, L'"
0810102036,7,31,4.428571,1.4830508,2025M11,8,"Hospitalet de Llobregat, L'"
0810103019,5,20,4.0,0.698324,2025M11,8,"Hospitalet de Llobregat, L'"
0810102034,8,31,3.875,1.7278618,2025M11,8,"Hospitalet de Llobregat, L'"
0810103013,9,37,4.111111,1.076555,2025M11,8,"Hospitalet de Llobregat, L'"
0810103021,0,0,0.0,0.0,2025M11,8,"Hospitalet de Llobregat, L'"
0810103012,5,24,4.8,0.5313496,2025M11,8,"Hospitalet de Llobregat, L'"
0810102029,9,30,3.3333333,1.3196481,2025M11,8,"Hospitalet de Llobregat, L'"
0810102024,8,36,4.5,1.6427104,2025M11,8,"Hospitalet de Llobregat, L'"
0810102026,14,58,4.142857,1.7699115,2025M11,8,"Hospitalet de Llobregat, L'"
0810102031,9,42,4.6666665,1.7964072,2025M11,8,"Hospitalet de Llobregat, L'"
0810103027,11,53,4.818182,2.2540984,2025M11,8,"Hospitalet de Llobregat, L'"
0810102023,7,26,3.7142856,1.4861996,2025M11,8,"Hospitalet de Llobregat, L'"
0810102033,16,68,4.25,3.652968,2025M11,8,"Hospitalet de Llobregat, L'"
0810102032,17,63,3.7058823,3.6247334,2025M11,8,"Hospitalet de Llobregat, L'"
0810102020,14,46,3.2857144,1.9690577,2025M11,8,"Hospitalet de Llobregat, L'"
0810102017,9,32,3.5555556,1.4900662,2025M11,8,"Hospitalet de Llobregat, L'"
0810101038,0,0,0.0,0.0,2025M11,8,"Hospitalet de Llobregat, L'"
0810102014,11,36,3.2727273,1.2702079,2025M11,8,"Hospitalet de Llobregat, L'"
0810104011,2,9,4.5,0.5141388,2025M11,8,"Hospitalet de Llobregat, L'"
0810101039,2,8,4.0,0.5464481,2025M11,8,"Hospitalet de Llobregat, L'"
0810102013,4,11,2.75,1.0152284,2025M11,8,"Hospitalet de Llobregat, L'"
0810104037,0,0,0.0,0.0,2025M11,8,"Hospitalet de Llobregat, L'"
0810101041,1,4,4.0,0.16051364,2025M11,8,"Hospitalet de Llobregat, L'"
0810102009,23,75,3.2608695,4.4660196,2025M11,8,"Hospitalet de Llobregat, L'"
0810102010,4,14,3.5,0.9411765,2025M11,8,"Hospitalet de Llobregat, L'"
0810102011,1,5,5.0,0.18115942,2025M11,8,"Hospitalet de Llobregat, L'"
0810102002,14,59,4.214286,1.9099591,2025M11,8,"Hospitalet de Llobregat, L'"
0810105005,0,0,0.0,0.0,2025M11,8,"Hospitalet de Llobregat, L'"
0810102008,10,38,3.8,1.1037527,2025M11,8,"Hospitalet de Llobregat, L'"
0810102005,1,2,2.0,0.2415459,2025M11,8,"Hospitalet de Llobregat, L'"
0810104014,0,0,0.0,0.0,2025M11,8,"Hospitalet de Llobregat, L'"
0810102004,11,45,4.090909,1.6897081,2025M11,8,"Hospitalet de Llobregat, L'"
0810105010,7,20,2.857143,1.5837104,2025M11,8,"Hospitalet de Llobregat, L'"
0810104020,2,3,1.5,0.25188917,2025M11,8,"Hospitalet de Llobregat, L'"
0810104026,3,9,3.0,0.7692308,2025M11,8,"Hospitalet de Llobregat, L'"
0810102001,13,50,3.8461537,1.7426274,2025M11,8,"Hospitalet de Llobregat, L'"
0810104023,4,9,2.25,1.0204082,2025M11,8,"Hospitalet de Llobregat, L'"
0810105023,8,27,3.375,1.4159292,2025M11,8,"Hospitalet de Llobregat, L'"
0810104022,2,6,3.0,0.4385965,2025M11,8,"Hospitalet de Llobregat, L'"
0810102028,20,63,3.15,2.2547915,2025M11,8,"Hospitalet de Llobregat, L'"
0810101040,5,14,2.8,1.1933174,2025M11,8,"Hospitalet de Llobregat, L'"
0810105025,3,10,3.3333333,0.872093,2025M11,8,"Hospitalet de Llobregat, L'"
0810105028,1,4,4.0,0.21881838,2025M11,8,"Hospitalet de Llobregat, L'"
0810104030,7,29,4.142857,1.7676767,2025M11,8,"Hospitalet de Llobregat, L'"
0810102016,14,43,3.0714285,2.4734983,2025M11,8,"Hospitalet de Llobregat, L'"
0810103011,10,43,4.3,1.552795,2025M11,8,"Hospitalet de Llobregat, L'"
0810104006,0,0,0.0,0.0,2025M11,8,"Hospitalet de Llobregat, L'"
0810102021,8,32,4.0,1.0362694,2025M11,8,"Hospitalet de Llobregat, L'"
0810101037,1,4,4.0,0.18018018,2025M11,8,"Hospitalet de Llobregat, L'"
0810101036,1,4,4.0,0.18761726,2025M11,8,"Hospitalet de Llobregat, L'"
0810105030,12,27,2.25,1.5209125,2025M11,8,"Hospitalet de Llobregat, L'"
0810101035,0,0,0.0,0.0,2025M11,8,"Hospitalet de Llobregat, L'"
0810101034,8,23,2.875,1.2403101,2025M11,8,"Hospitalet de Llobregat, L'"
0810101032,0,0,0.0,0.0,2025M11,8,"Hospitalet de Llobregat, L'"
0810101030,2,6,3.0,0.42462844,2025M11,8,"Hospitalet de Llobregat, L'"
0810101029,2,2,1.0,0.45045045,2025M11,8,"Hospitalet de Llobregat, L'"
0810101026,0,0,0.0,0.0,2025M11,8,"Hospitalet de Llobregat, L'"
0810101027,1,4,4.0,0.28735632,2025M11,8,"Hospitalet de Llobregat, L'"
0810101025,9,29,3.2222223,1.3100437,2025M11,8,"Hospitalet de Llobregat, L'"
0810101024,2,9,4.5,0.5167959,2025M11,8,"Hospitalet de Llobregat, L'"
0810101023,3,10,3.3333333,0.51282054,2025M11,8,"Hospitalet de Llobregat, L'"
0810101022,7,38,5.428571,1.5730337,2025M11,8,"Hospitalet de Llobregat, L'"
0810101020,8,21,2.625,1.1560694,2025M11,8,"Hospitalet de Llobregat, L'"
0810101019,0,0,0.0,0.0,2025M11,8,"Hospitalet de Llobregat, L'"
0810101015,2,10,5.0,0.34246576,2025M11,8,"Hospitalet de Llobregat, L'"
0810101013,9,29,3.2222223,1.2,2025M11,8,"Hospitalet de Llobregat, L'"
0810106017,0,0,0.0,0.0,2025M11,8,"Hospitalet de Llobregat, L'"
0810106010,2,4,2.0,0.41493776,2025M11,8,"Hospitalet de Llobregat, L'"
0810101010,1,6,6.0,0.1934236,2025M11,8,"Hospitalet de Llobregat, L'"
0810101011,4,13,3.25,1.0695187,2025M11,8,"Hospitalet de Llobregat, L'"
0810101009,2,9,4.5,0.36832413,2025M11,8,"Hospitalet de Llobregat, L'"
0810101007,3,14,4.6666665,0.4360465,2025M11,8,"Hospitalet de Llobregat, L'"
0810101006,1,2,2.0,0.1367989,2025M11,8,"Hospitalet de Llobregat, L'"
0810101004,4,10,2.5,0.83160084,2025M11,8,"Hospitalet de Llobregat, L'"
0810106021,0,0,0.0,0.0,2025M11,8,"Hospitalet de Llobregat, L'"
0810101003,2,6,3.0,0.5714286,2025M11,8,"Hospitalet de Llobregat, L'"
0810101002,1,2,2.0,0.15552099,2025M11,8,"Hospitalet de Llobregat, L'"
0810101001,0,0,0.0,0.0,2025M11,8,"Hospitalet de Llobregat, L'"
0810106012,0,0,0.0,0.0,2025M11,8,"Hospitalet de Llobregat, L'"
0810106032,1,2,2.0,0.29761904,2025M11,8,"Hospitalet de Llobregat, L'"
0810101005,0,0,0.0,0.0,2025M11,8,"Hospitalet de Llobregat, L'"
0810101014,0,0,0.0,0.0,2025M11,8,"Hospitalet de Llobregat, L'"
0810101008,0,0,0.0,0.0,2025M11,8,"Hospitalet de Llobregat, L'"
0810101012,0,0,0.0,0.0,2025M11,8,"Hospitalet de Llobregat, L'"
0810101016,0,0,0.0,0.0,2025M11,8,"Hospitalet de Llobregat, L'"
0810101017,2,8,4.0,0.26666668,2025M11,8,"Hospitalet de Llobregat, L'"
0810101018,0,0,0.0,0.0,2025M11,8,"Hospitalet de Llobregat, L'"
0810101021,0,0,0.0,0.0,2025M11,8,"Hospitalet de Llobregat, L'"
0810101031,1,6,6.0,0.17761989,2025M11,8,"Hospitalet de Llobregat, L'"
0810101033,1,4,4.0,0.23310024,2025M11,8,"Hospitalet de Llobregat, L'"
0810101028,0,0,0.0,0.0,2025M11,8,"Hospitalet de Llobregat, L'"
0810205005,0,0,0.0,0.0,2025M11,8,Igualada
0810205003,1,8,8.0,0.1048218,2025M11,8,Igualada
0810205004,0,0,0.0,0.0,2025M11,8,Igualada
0810205002,0,0,0.0,0.0,2025M11,8,Igualada
0810205001,1,4,4.0,0.14556041,2025M11,8,Igualada
0810204005,0,0,0.0,0.0,2025M11,8,Igualada
0810204004,0,0,0.0,0.0,2025M11,8,Igualada
0810204003,1,7,7.0,0.15360983,2025M11,8,Igualada
0810204002,0,0,0.0,0.0,2025M11,8,Igualada
0810204001,0,0,0.0,0.0,2025M11,8,Igualada
0810205007,0,0,0.0,0.0,2025M11,8,Igualada
0810203007,0,0,0.0,0.0,2025M11,8,Igualada
0810203006,0,0,0.0,0.0,2025M11,8,Igualada
0810203005,0,0,0.0,0.0,2025M11,8,Igualada
0810203003,2,11,5.5,0.33444816,2025M11,8,Igualada
0810203004,6,16,2.6666667,0.6984866,2025M11,8,Igualada
0810203002,1,4,4.0,0.12224939,2025M11,8,Igualada
0810202003,0,0,0.0,0.0,2025M11,8,Igualada
0810202002,1,4,4.0,0.1459854,2025M11,8,Igualada
0810201001,5,26,5.2,0.501002,2025M11,8,Igualada
0810203001,1,6,6.0,0.15479876,2025M11,8,Igualada
0810203008,0,0,0.0,0.0,2025M11,8,Igualada
0810203010,0,0,0.0,0.0,2025M11,8,Igualada
0810203009,1,2,2.0,0.13586956,2025M11,8,Igualada
0810202001,0,0,0.0,0.0,2025M11,8,Igualada
0810301001,0,0,0.0,0.0,2025M11,8,Jorba
0810401001,17,217,12.764706,2.2486773,2025M11,8,"Llacuna, La"
0810501009,0,0,0.0,0.0,2025M11,8,"Llagosta, La"
0810501008,0,0,0.0,0.0,2025M11,8,"Llagosta, La"
0810501007,0,0,0.0,0.0,2025M11,8,"Llagosta, La"
0810501006,0,0,0.0,0.0,2025M11,8,"Llagosta, La"
0810501002,0,0,0.0,0.0,2025M11,8,"Llagosta, La"
0810501001,0,0,0.0,0.0,2025M11,8,"Llagosta, La"
0810501003,0,0,0.0,0.0,2025M11,8,"Llagosta, La"
0810501004,0,0,0.0,0.0,2025M11,8,"Llagosta, La"
0810501005,0,0,0.0,0.0,2025M11,8,"Llagosta, La"
0810602003,0,0,0.0,0.0,2025M11,8,Llinars del Vallès
0810602004,4,16,4.0,0.64205456,2025M11,8,Llinars del Vallès
0810602002,0,0,0.0,0.0,2025M11,8,Llinars del Vallès
0810602001,0,0,0.0,0.0,2025M11,8,Llinars del Vallès
0810601002,0,0,0.0,0.0,2025M11,8,Llinars del Vallès
0810601001,1,6,6.0,0.14705883,2025M11,8,Llinars del Vallès
0810701002,0,0,0.0,0.0,2025M11,8,Lliçà d'Amunt
0810701008,0,0,0.0,0.0,2025M11,8,Lliçà d'Amunt
0810701004,0,0,0.0,0.0,2025M11,8,Lliçà d'Amunt
0810701009,0,0,0.0,0.0,2025M11,8,Lliçà d'Amunt
0810701007,6,38,6.3333335,0.8450704,2025M11,8,Lliçà d'Amunt
0810701006,1,4,4.0,0.17857143,2025M11,8,Lliçà d'Amunt
0810701005,0,0,0.0,0.0,2025M11,8,Lliçà d'Amunt
0810701010,4,18,4.5,0.5934718,2025M11,8,Lliçà d'Amunt
0810701003,0,0,0.0,0.0,2025M11,8,Lliçà d'Amunt
0810701001,1,4,4.0,0.1150748,2025M11,8,Lliçà d'Amunt
0810801003,0,0,0.0,0.0,2025M11,8,Lliçà de Vall
0810801002,0,0,0.0,0.0,2025M11,8,Lliçà de Vall
0810801001,0,0,0.0,0.0,2025M11,8,Lliçà de Vall
0810801004,0,0,0.0,0.0,2025M11,8,Lliçà de Vall
0810901001,1,16,16.0,0.49261084,2025M11,8,Lluçà
0811002003,53,287,5.4150944,2.6082678,2025M11,8,Malgrat de Mar
0811002002,20,110,5.5,1.7064847,2025M11,8,Malgrat de Mar
0811001004,3,16,5.3333335,0.33860046,2025M11,8,Malgrat de Mar
0811001005,3,19,6.3333335,0.40650406,2025M11,8,Malgrat de Mar
0811001003,2,17,8.5,0.1992032,2025M11,8,Malgrat de Mar
0811001002,9,48,5.3333335,0.57070386,2025M11,8,Malgrat de Mar
0811001001,4,27,6.75,0.51880676,2025M11,8,Malgrat de Mar
0811001006,1,4,4.0,0.094339624,2025M11,8,Malgrat de Mar
0811002001,13,57,4.3846154,1.4130435,2025M11,8,Malgrat de Mar
0811101001,0,0,0.0,0.0,2025M11,8,Malla
0811204002,0,0,0.0,0.0,2025M11,8,Manlleu
0811204001,0,0,0.0,0.0,2025M11,8,Manlleu
0811203003,1,1,1.0,0.111358576,2025M11,8,Manlleu
0811203004,0,0,0.0,0.0,2025M11,8,Manlleu
0811201001,0,0,0.0,0.0,2025M11,8,Manlleu
0811203002,0,0,0.0,0.0,2025M11,8,Manlleu
0811203001,0,0,0.0,0.0,2025M11,8,Manlleu
0811202001,0,0,0.0,0.0,2025M11,8,Manlleu
0811202002,0,0,0.0,0.0,2025M11,8,Manlleu
0811201002,0,0,0.0,0.0,2025M11,8,Manlleu
0811202003,0,0,0.0,0.0,2025M11,8,Manlleu
0811202004,0,0,0.0,0.0,2025M11,8,Manlleu
0811302005,0,0,0.0,0.0,2025M11,8,Manresa
0811302008,0,0,0.0,0.0,2025M11,8,Manresa
0811302009,1,4,4.0,0.11160714,2025M11,8,Manresa
0811302011,3,10,3.3333333,0.33821872,2025M11,8,Manresa
0811302014,2,6,3.0,0.33222592,2025M11,8,Manresa
0811303001,4,10,2.5,0.4347826,2025M11,8,Manresa
0811303004,1,5,5.0,0.11376564,2025M11,8,Manresa
0811304001,4,16,4.0,0.3014318,2025M11,8,Manresa
0811304003,3,15,5.0,0.44510385,2025M11,8,Manresa
0811304005,1,4,4.0,0.12515645,2025M11,8,Manresa
0811305004,2,14,7.0,0.4597701,2025M11,8,Manresa
0811304012,0,0,0.0,0.0,2025M11,8,Manresa
0811304013,1,4,4.0,0.1371742,2025M11,8,Manresa
0811304014,2,7,3.5,0.22573364,2025M11,8,Manresa
0811305001,5,18,3.6,0.907441,2025M11,8,Manresa
0811305002,1,2,2.0,0.10683761,2025M11,8,Manresa
0811305006,0,0,0.0,0.0,2025M11,8,Manresa
0811305012,3,16,5.3333335,0.5882353,2025M11,8,Manresa
0811306002,2,6,3.0,0.3241491,2025M11,8,Manresa
0811306001,0,0,0.0,0.0,2025M11,8,Manresa
0811305018,1,4,4.0,0.28818443,2025M11,8,Manresa
0811305015,0,0,0.0,0.0,2025M11,8,Manresa
0811305014,0,0,0.0,0.0,2025M11,8,Manresa
0811305013,0,0,0.0,0.0,2025M11,8,Manresa
0811305011,0,0,0.0,0.0,2025M11,8,Manresa
0811305010,0,0,0.0,0.0,2025M11,8,Manresa
0811305008,0,0,0.0,0.0,2025M11,8,Manresa
0811305007,0,0,0.0,0.0,2025M11,8,Manresa
0811304015,0,0,0.0,0.0,2025M11,8,Manresa
0811304009,0,0,0.0,0.0,2025M11,8,Manresa
0811304011,0,0,0.0,0.0,2025M11,8,Manresa
0811304004,1,5,5.0,0.096618354,2025M11,8,Manresa
0811304008,0,0,0.0,0.0,2025M11,8,Manresa
0811304006,0,0,0.0,0.0,2025M11,8,Manresa
0811304007,1,4,4.0,0.09398496,2025M11,8,Manresa
0811303006,1,5,5.0,0.17182131,2025M11,8,Manresa
0811303005,1,6,6.0,0.07733952,2025M11,8,Manresa
0811303002,0,0,0.0,0.0,2025M11,8,Manresa
0811305003,1,4,4.0,0.13458951,2025M11,8,Manresa
0811305005,5,12,2.4,0.47348484,2025M11,8,Manresa
0811305017,0,0,0.0,0.0,2025M11,8,Manresa
0811302013,0,0,0.0,0.0,2025M11,8,Manresa
0811302012,1,4,4.0,0.12285012,2025M11,8,Manresa
0811302007,0,0,0.0,0.0,2025M11,8,Manresa
0811302010,0,0,0.0,0.0,2025M11,8,Manresa
0811302006,1,3,3.0,0.24509804,2025M11,8,Manresa
0811302004,3,10,3.3333333,0.26292726,2025M11,8,Manresa
0811302003,1,4,4.0,0.102145046,2025M11,8,Manresa
0811302002,2,8,4.0,0.14880952,2025M11,8,Manresa
0811302001,2,12,6.0,0.34013605,2025M11,8,Manresa
0811301002,8,30,3.75,0.9367682,2025M11,8,Manresa
0811301001,17,48,2.8235295,1.9209039,2025M11,8,Manresa
0811404004,0,0,0.0,0.0,2025M11,8,Martorell
0811404003,0,0,0.0,0.0,2025M11,8,Martorell
0811403010,0,0,0.0,0.0,2025M11,8,Martorell
0811403007,0,0,0.0,0.0,2025M11,8,Martorell
0811403006,6,14,2.3333333,0.67264575,2025M11,8,Martorell
0811403002,0,0,0.0,0.0,2025M11,8,Martorell
0811403004,0,0,0.0,0.0,2025M11,8,Martorell
0811401003,1,2,2.0,0.14577259,2025M11,8,Martorell
0811401001,1,2,2.0,0.12484395,2025M11,8,Martorell
0811401002,0,0,0.0,0.0,2025M11,8,Martorell
0811403008,0,0,0.0,0.0,2025M11,8,Martorell
0811402003,1,5,5.0,0.08748906,2025M11,8,Martorell
0811403005,1,4,4.0,0.12970169,2025M11,8,Martorell
0811404001,0,0,0.0,0.0,2025M11,8,Martorell
0811404002,0,0,0.0,0.0,2025M11,8,Martorell
0811501002,1,4,4.0,0.15503876,2025M11,8,Martorelles
0811501003,0,0,0.0,0.0,2025M11,8,Martorelles
0811501001,0,0,0.0,0.0,2025M11,8,Martorelles
0811601001,0,0,0.0,0.0,2025M11,8,"Masies de Roda, Les"
0811702001,1,8,8.0,0.23640662,2025M11,8,"Masies de Voltregà, Les"
0811701001,2,8,4.0,0.20512821,2025M11,8,"Masies de Voltregà, Les"
0811802003,9,47,5.2222223,1.1435832,2025M11,8,"Masnou, El"
0811802004,5,43,8.6,0.4868549,2025M11,8,"Masnou, El"
0811801003,2,7,3.5,0.33783785,2025M11,8,"Masnou, El"
0811801009,4,22,5.5,0.93240094,2025M11,8,"Masnou, El"
0811801008,0,0,0.0,0.0,2025M11,8,"Masnou, El"
0811801007,0,0,0.0,0.0,2025M11,8,"Masnou, El"
0811801004,2,12,6.0,0.260078,2025M11,8,"Masnou, El"
0811801005,4,12,3.0,0.46728972,2025M11,8,"Masnou, El"
0811801002,14,73,5.214286,1.540154,2025M11,8,"Masnou, El"
0811801001,6,36,6.0,0.82758623,2025M11,8,"Masnou, El"
0811801006,4,22,5.5,0.5215124,2025M11,8,"Masnou, El"
0811801010,4,20,5.0,0.4094166,2025M11,8,"Masnou, El"
0811802001,5,34,6.8,0.65189046,2025M11,8,"Masnou, El"
0811802002,6,27,4.5,0.9448819,2025M11,8,"Masnou, El"
0811901004,0,0,0.0,0.0,2025M11,8,Masquefa
0811901006,3,12,4.0,0.0,2025M11,8,Masquefa
0811901005,6,31,5.1666665,0.0,2025M11,8,Masquefa
0811901002,1,1,1.0,0.042625748,2025M11,8,Masquefa
0811901001,0,0,0.0,0.0,2025M11,8,Masquefa
0811901003,0,0,0.0,0.0,2025M11,8,Masquefa
0812001003,2,4,2.0,0.22805017,2025M11,8,Matadepera
0812001004,1,10,10.0,0.1356852,2025M11,8,Matadepera
0812001001,5,23,4.6,0.5800464,2025M11,8,Matadepera
0812001002,0,0,0.0,0.0,2025M11,8,Matadepera
0812106007,0,0,0.0,0.0,2025M11,8,Mataró
0812106014,0,0,0.0,0.0,2025M11,8,Mataró
0812106013,0,0,0.0,0.0,2025M11,8,Mataró
0812106012,1,4,4.0,0.14245014,2025M11,8,Mataró
0812106011,2,7,3.5,0.31847134,2025M11,8,Mataró
0812106009,7,28,4.0,1.0324484,2025M11,8,Mataró
0812106008,1,4,4.0,0.1388889,2025M11,8,Mataró
0812106010,0,0,0.0,0.0,2025M11,8,Mataró
0812106006,4,16,4.0,0.47675803,2025M11,8,Mataró
0812106005,0,0,0.0,0.0,2025M11,8,Mataró
0812106002,2,8,4.0,0.5076142,2025M11,8,Mataró
0812105021,0,0,0.0,0.0,2025M11,8,Mataró
0812105019,0,0,0.0,0.0,2025M11,8,Mataró
0812106004,2,8,4.0,0.26737967,2025M11,8,Mataró
0812105020,0,0,0.0,0.0,2025M11,8,Mataró
0812105016,0,0,0.0,0.0,2025M11,8,Mataró
0812105013,0,0,0.0,0.0,2025M11,8,Mataró
0812106001,8,36,4.5,0.73260075,2025M11,8,Mataró
0812105011,0,0,0.0,0.0,2025M11,8,Mataró
0812105010,3,12,4.0,0.33076075,2025M11,8,Mataró
0812105009,0,0,0.0,0.0,2025M11,8,Mataró
0812106003,1,4,4.0,0.11098779,2025M11,8,Mataró
0812105012,0,0,0.0,0.0,2025M11,8,Mataró
0812105008,0,0,0.0,0.0,2025M11,8,Mataró
0812105007,1,4,4.0,0.14556041,2025M11,8,Mataró
0812105001,0,0,0.0,0.0,2025M11,8,Mataró
0812105004,0,0,0.0,0.0,2025M11,8,Mataró
0812105002,1,4,4.0,0.12562814,2025M11,8,Mataró
0812105003,0,0,0.0,0.0,2025M11,8,Mataró
0812105006,0,0,0.0,0.0,2025M11,8,Mataró
0812104009,12,48,4.0,1.2875537,2025M11,8,Mataró
0812104006,1,3,3.0,0.1388889,2025M11,8,Mataró
0812104005,0,0,0.0,0.0,2025M11,8,Mataró
0812104007,0,0,0.0,0.0,2025M11,8,Mataró
0812103012,13,58,4.4615383,1.7639078,2025M11,8,Mataró
0812104008,0,0,0.0,0.0,2025M11,8,Mataró
0812104001,0,0,0.0,0.0,2025M11,8,Mataró
0812105005,0,0,0.0,0.0,2025M11,8,Mataró
0812103013,0,0,0.0,0.0,2025M11,8,Mataró
0812104002,4,16,4.0,0.6482982,2025M11,8,Mataró
0812104003,0,0,0.0,0.0,2025M11,8,Mataró
0812103011,0,0,0.0,0.0,2025M11,8,Mataró
0812104004,1,4,4.0,0.086132646,2025M11,8,Mataró
0812105015,0,0,0.0,0.0,2025M11,8,Mataró
0812103007,0,0,0.0,0.0,2025M11,8,Mataró
0812103008,0,0,0.0,0.0,2025M11,8,Mataró
0812105017,0,0,0.0,0.0,2025M11,8,Mataró
0812103009,0,0,0.0,0.0,2025M11,8,Mataró
0812103010,0,0,0.0,0.0,2025M11,8,Mataró
0812103014,0,0,0.0,0.0,2025M11,8,Mataró
0812103002,0,0,0.0,0.0,2025M11,8,Mataró
0812103003,1,4,4.0,0.18484288,2025M11,8,Mataró
0812103004,1,4,4.0,0.12531328,2025M11,8,Mataró
0812103005,1,4,4.0,0.15015015,2025M11,8,Mataró
0812103001,1,4,4.0,0.15576324,2025M11,8,Mataró
0812103006,1,4,4.0,0.16666667,2025M11,8,Mataró
0812102009,3,12,4.0,0.3836317,2025M11,8,Mataró
0812101004,4,16,4.0,0.530504,2025M11,8,Mataró
0812102008,0,0,0.0,0.0,2025M11,8,Mataró
0812102005,8,66,8.25,0.81135905,2025M11,8,Mataró
0812102004,2,8,4.0,0.16420361,2025M11,8,Mataró
0812102003,1,4,4.0,0.17152658,2025M11,8,Mataró
0812102007,5,22,4.4,0.55187637,2025M11,8,Mataró
0812102002,2,8,4.0,0.35906643,2025M11,8,Mataró
0812102011,3,12,4.0,0.32930845,2025M11,8,Mataró
0812102001,9,36,4.0,0.7785467,2025M11,8,Mataró
0812101007,1,4,4.0,0.11737089,2025M11,8,Mataró
0812102012,0,0,0.0,0.0,2025M11,8,Mataró
0812102010,3,12,4.0,0.36014405,2025M11,8,Mataró
0812101006,1,4,4.0,0.12376238,2025M11,8,Mataró
0812101005,3,12,4.0,0.37974682,2025M11,8,Mataró
0812101003,4,16,4.0,0.56577086,2025M11,8,Mataró
0812101002,9,35,3.8888888,1.0625738,2025M11,8,Mataró
0812101001,7,28,4.0,0.7709251,2025M11,8,Mataró
0812101009,1,4,4.0,0.1724138,2025M11,8,Mataró
0812201001,7,47,6.714286,0.36515388,2025M11,8,Mediona
0812304001,0,0,0.0,0.0,2025M11,8,Molins de Rei
0812303004,0,0,0.0,0.0,2025M11,8,Molins de Rei
0812303003,5,19,3.8,0.524109,2025M11,8,Molins de Rei
0812303002,1,4,4.0,0.06365372,2025M11,8,Molins de Rei
0812302004,0,0,0.0,0.0,2025M11,8,Molins de Rei
0812303001,0,0,0.0,0.0,2025M11,8,Molins de Rei
0812302003,0,0,0.0,0.0,2025M11,8,Molins de Rei
0812302001,0,0,0.0,0.0,2025M11,8,Molins de Rei
0812301003,0,0,0.0,0.0,2025M11,8,Molins de Rei
0812301002,1,4,4.0,0.11376564,2025M11,8,Molins de Rei
0812301001,1,6,6.0,0.15455951,2025M11,8,Molins de Rei
0812302002,0,0,0.0,0.0,2025M11,8,Molins de Rei
0812403014,0,0,0.0,0.0,2025M11,8,Mollet del Vallès
0812403013,0,0,0.0,0.0,2025M11,8,Mollet del Vallès
0812403012,1,10,10.0,0.1356852,2025M11,8,Mollet del Vallès
0812403011,0,0,0.0,0.0,2025M11,8,Mollet del Vallès
0812403015,0,0,0.0,0.0,2025M11,8,Mollet del Vallès
0812403010,1,4,4.0,0.18083182,2025M11,8,Mollet del Vallès
0812403009,0,0,0.0,0.0,2025M11,8,Mollet del Vallès
0812403007,2,8,4.0,0.23041475,2025M11,8,Mollet del Vallès
0812403006,0,0,0.0,0.0,2025M11,8,Mollet del Vallès
0812403005,0,0,0.0,0.0,2025M11,8,Mollet del Vallès
0812403004,0,0,0.0,0.0,2025M11,8,Mollet del Vallès
0812403003,0,0,0.0,0.0,2025M11,8,Mollet del Vallès
0812403001,0,0,0.0,0.0,2025M11,8,Mollet del Vallès
0812403008,0,0,0.0,0.0,2025M11,8,Mollet del Vallès
0812402009,0,0,0.0,0.0,2025M11,8,Mollet del Vallès
0812403002,0,0,0.0,0.0,2025M11,8,Mollet del Vallès
0812402007,1,4,4.0,0.12121212,2025M11,8,Mollet del Vallès
0812402006,0,0,0.0,0.0,2025M11,8,Mollet del Vallès
0812402005,0,0,0.0,0.0,2025M11,8,Mollet del Vallès
0812402008,0,0,0.0,0.0,2025M11,8,Mollet del Vallès
0812402004,0,0,0.0,0.0,2025M11,8,Mollet del Vallès
0812402003,1,4,4.0,0.112233445,2025M11,8,Mollet del Vallès
0812402002,1,4,4.0,0.13986014,2025M11,8,Mollet del Vallès
0812402001,3,12,4.0,0.3253796,2025M11,8,Mollet del Vallès
0812401007,1,4,4.0,0.16129032,2025M11,8,Mollet del Vallès
0812401006,5,26,5.2,0.5482456,2025M11,8,Mollet del Vallès
0812401005,0,0,0.0,0.0,2025M11,8,Mollet del Vallès
0812401004,0,0,0.0,0.0,2025M11,8,Mollet del Vallès
0812401003,1,6,6.0,0.1293661,2025M11,8,Mollet del Vallès
0812401002,0,0,0.0,0.0,2025M11,8,Mollet del Vallès
0812401001,0,0,0.0,0.0,2025M11,8,Mollet del Vallès
0812503003,0,0,0.0,0.0,2025M11,8,Montcada i Reixac
0812503005,4,16,4.0,0.37313432,2025M11,8,Montcada i Reixac
0812504001,1,4,4.0,0.19267823,2025M11,8,Montcada i Reixac
0812504002,0,0,0.0,0.0,2025M11,8,Montcada i Reixac
0812504003,5,18,3.6,1.0775862,2025M11,8,Montcada i Reixac
0812505003,0,0,0.0,0.0,2025M11,8,Montcada i Reixac
0812506001,0,0,0.0,0.0,2025M11,8,Montcada i Reixac
0812506002,0,0,0.0,0.0,2025M11,8,Montcada i Reixac
0812506003,0,0,0.0,0.0,2025M11,8,Montcada i Reixac
0812505002,1,4,4.0,0.16474465,2025M11,8,Montcada i Reixac
0812503006,0,0,0.0,0.0,2025M11,8,Montcada i Reixac
0812505001,0,0,0.0,0.0,2025M11,8,Montcada i Reixac
0812503004,0,0,0.0,0.0,2025M11,8,Montcada i Reixac
0812503002,0,0,0.0,0.0,2025M11,8,Montcada i Reixac
0812503001,0,0,0.0,0.0,2025M11,8,Montcada i Reixac
0812501005,0,0,0.0,0.0,2025M11,8,Montcada i Reixac
0812502003,0,0,0.0,0.0,2025M11,8,Montcada i Reixac
0812501004,0,0,0.0,0.0,2025M11,8,Montcada i Reixac
0812501002,1,4,4.0,0.14084508,2025M11,8,Montcada i Reixac
0812501001,0,0,0.0,0.0,2025M11,8,Montcada i Reixac
0812502002,2,8,4.0,0.17905103,2025M11,8,Montcada i Reixac
0812502001,0,0,0.0,0.0,2025M11,8,Montcada i Reixac
0812601002,2,10,5.0,0.13812155,2025M11,8,Montgat
0812601001,22,143,6.5,1.3142174,2025M11,8,Montgat
0812601003,7,38,5.428571,0.5473026,2025M11,8,Montgat
0812601004,9,44,4.888889,1.0285715,2025M11,8,Montgat
0812701002,12,52,4.3333335,1.087942,2025M11,8,Monistrol de Montserrat
0812701001,13,47,3.6153846,2.5896413,2025M11,8,Monistrol de Montserrat
0812801001,3,12,4.0,0.61349696,2025M11,8,Monistrol de Calders
0812901001,1,15,15.0,0.25510204,2025M11,8,Muntanyola
0813001001,2,24,12.0,2.2988505,2025M11,8,Montclar
0813101001,2,10,5.0,0.30349013,2025M11,8,Montesquiu
0813201001,1,10,10.0,0.34602076,2025M11,8,Montmajor
0813301001,0,0,0.0,0.0,2025M11,8,Montmaneu
0813401001,2,16,8.0,0.33557048,2025M11,8,Figaró-Montmany
0813501004,2,8,4.0,0.41666666,2025M11,8,Montmeló
0813501003,2,8,4.0,0.20491803,2025M11,8,Montmeló
0813501002,0,0,0.0,0.0,2025M11,8,Montmeló
0813501001,0,0,0.0,0.0,2025M11,8,Montmeló
0813501005,2,8,4.0,0.41152263,2025M11,8,Montmeló
0813602003,0,0,0.0,0.0,2025M11,8,Montornès del Vallès
0813602001,0,0,0.0,0.0,2025M11,8,Montornès del Vallès
0813601007,0,0,0.0,0.0,2025M11,8,Montornès del Vallès
0813601006,0,0,0.0,0.0,2025M11,8,Montornès del Vallès
0813601005,1,4,4.0,0.113250285,2025M11,8,Montornès del Vallès
0813601004,0,0,0.0,0.0,2025M11,8,Montornès del Vallès
0813601001,0,0,0.0,0.0,2025M11,8,Montornès del Vallès
0813602002,0,0,0.0,0.0,2025M11,8,Montornès del Vallès
0813601002,0,0,0.0,0.0,2025M11,8,Montornès del Vallès
0813601003,0,0,0.0,0.0,2025M11,8,Montornès del Vallès
0813701001,8,51,6.375,3.3333333,2025M11,8,Montseny
0813801002,2,4,2.0,0.14705883,2025M11,8,Moià
0813801003,0,0,0.0,0.0,2025M11,8,Moià
0813801001,6,70,11.666667,0.45045045,2025M11,8,Moià
0813901001,4,34,8.5,1.6393442,2025M11,8,Mura
0814001003,0,0,0.0,0.0,2025M11,8,Navarcles
0814001002,0,0,0.0,0.0,2025M11,8,Navarcles
0814001001,0,0,0.0,0.0,2025M11,8,Navarcles
0814101004,2,13,6.5,0.29411766,2025M11,8,Navàs
0814101001,2,16,8.0,0.31897926,2025M11,8,Navàs
0814101003,0,0,0.0,0.0,2025M11,8,Navàs
0814101002,0,0,0.0,0.0,2025M11,8,Navàs
0814102001,2,20,10.0,0.8583691,2025M11,8,Navàs
0814201001,4,22,5.5,3.2520325,2025M11,8,"Nou de Berguedà, La"
0814301001,2,9,4.5,0.18001801,2025M11,8,Òdena
0814301002,0,0,0.0,0.0,2025M11,8,Òdena
0814401001,7,51,7.285714,1.3207548,2025M11,8,Olvan
0814501001,27,275,10.185185,2.257525,2025M11,8,Olèrdola
0814501002,1,4,4.0,0.16806723,2025M11,8,Olèrdola
0814601002,4,17,4.25,0.5856515,2025M11,8,Olesa de Bonesvalls
0814601001,4,18,4.5,0.88105726,2025M11,8,Olesa de Bonesvalls
0814701012,0,0,0.0,0.0,2025M11,8,Olesa de Montserrat
0814701011,0,0,0.0,0.0,2025M11,8,Olesa de Montserrat
0814701009,0,0,0.0,0.0,2025M11,8,Olesa de Montserrat
0814701007,2,8,4.0,0.24844721,2025M11,8,Olesa de Montserrat
0814701005,0,0,0.0,0.0,2025M11,8,Olesa de Montserrat
0814701008,0,0,0.0,0.0,2025M11,8,Olesa de Montserrat
0814701004,0,0,0.0,0.0,2025M11,8,Olesa de Montserrat
0814701010,1,4,4.0,0.11918951,2025M11,8,Olesa de Montserrat
0814701006,0,0,0.0,0.0,2025M11,8,Olesa de Montserrat
0814701003,0,0,0.0,0.0,2025M11,8,Olesa de Montserrat
0814701002,0,0,0.0,0.0,2025M11,8,Olesa de Montserrat
0814701001,0,0,0.0,0.0,2025M11,8,Olesa de Montserrat
0814801001,65,531,8.16923,5.9252505,2025M11,8,Olivella
0814801002,53,462,8.716981,4.5493565,2025M11,8,Olivella
0814901001,1,7,7.0,0.1584786,2025M11,8,Olost
0815001001,0,0,0.0,0.0,2025M11,8,Orís
0815101001,1,2,2.0,0.310559,2025M11,8,Oristà
0815201001,1,5,5.0,0.8196721,2025M11,8,Orpí
0815301001,5,35,7.0,1.3927577,2025M11,8,Òrrius
0815401001,1,7,7.0,0.24271844,2025M11,8,Pacs del Penedès
0815501006,1,6,6.0,0.0,2025M11,8,Palafolls
0815501005,13,71,5.4615383,1.7711172,2025M11,8,Palafolls
0815501004,9,95,10.555555,1.120797,2025M11,8,Palafolls
0815501002,2,16,8.0,0.30959752,2025M11,8,Palafolls
0815501003,1,9,9.0,0.100603625,2025M11,8,Palafolls
0815501001,4,15,3.75,0.31847134,2025M11,8,Palafolls
0815601007,0,0,0.0,0.0,2025M11,8,Palau-solità i Plegamans
0815601008,0,0,0.0,0.0,2025M11,8,Palau-solità i Plegamans
0815601009,0,0,0.0,0.0,2025M11,8,Palau-solità i Plegamans
0815601005,0,0,0.0,0.0,2025M11,8,Palau-solità i Plegamans
0815601003,0,0,0.0,0.0,2025M11,8,Palau-solità i Plegamans
0815601006,1,4,4.0,0.13661203,2025M11,8,Palau-solità i Plegamans
0815601002,0,0,0.0,0.0,2025M11,8,Palau-solità i Plegamans
0815601004,2,13,6.5,0.22026432,2025M11,8,Palau-solità i Plegamans
0815601001,1,4,4.0,0.16750419,2025M11,8,Palau-solità i Plegamans
0815701005,0,0,0.0,0.0,2025M11,8,Pallejà
0815701002,0,0,0.0,0.0,2025M11,8,Pallejà
0815701003,0,0,0.0,0.0,2025M11,8,Pallejà
0815701001,0,0,0.0,0.0,2025M11,8,Pallejà
0815701004,6,47,7.8333335,0.7518797,2025M11,8,Pallejà
0815801001,1,8,8.0,0.10449321,2025M11,8,"Papiol, El"
0815801002,2,9,4.5,0.24570024,2025M11,8,"Papiol, El"
0815902006,0,0,0.0,0.0,2025M11,8,Parets del Vallès
0815902001,0,0,0.0,0.0,2025M11,8,Parets del Vallès
0815902004,0,0,0.0,0.0,2025M11,8,Parets del Vallès
0815902003,0,0,0.0,0.0,2025M11,8,Parets del Vallès
0815902002,0,0,0.0,0.0,2025M11,8,Parets del Vallès
0815901001,1,4,4.0,0.14224751,2025M11,8,Parets del Vallès
0815901002,0,0,0.0,0.0,2025M11,8,Parets del Vallès
0815901003,0,0,0.0,0.0,2025M11,8,Parets del Vallès
0815901004,0,0,0.0,0.0,2025M11,8,Parets del Vallès
0815902005,0,0,0.0,0.0,2025M11,8,Parets del Vallès
0815902007,1,4,4.0,0.12987013,2025M11,8,Parets del Vallès
0816001001,20,142,7.1,7.117438,2025M11,8,Perafita
0816101009,2,6,3.0,0.25839794,2025M11,8,Piera
0816101008,1,10,10.0,0.09389672,2025M11,8,Piera
0816101007,0,0,0.0,0.0,2025M11,8,Piera
0816101006,0,0,0.0,0.0,2025M11,8,Piera
0816101005,0,0,0.0,0.0,2025M11,8,Piera
0816101004,5,34,6.8,0.399361,2025M11,8,Piera
0816101003,0,0,0.0,0.0,2025M11,8,Piera
0816101001,4,54,13.5,0.60150373,2025M11,8,Piera
0816101002,3,28,9.333333,0.22607385,2025M11,8,Piera
0816201001,1,4,4.0,0.059916116,2025M11,8,"Hostalets de Pierola, Els"
0816301006,17,86,5.0588236,1.2724551,2025M11,8,Pineda de Mar
0816301007,13,69,5.3076925,1.0779436,2025M11,8,Pineda de Mar
0816301012,1,4,4.0,0.12484395,2025M11,8,Pineda de Mar
0816301011,12,55,4.5833335,1.2875537,2025M11,8,Pineda de Mar
0816301010,13,60,4.6153846,1.1576135,2025M11,8,Pineda de Mar
0816301009,11,68,6.181818,0.7988381,2025M11,8,Pineda de Mar
0816301013,2,10,5.0,0.21074815,2025M11,8,Pineda de Mar
0816301005,2,6,3.0,0.29368576,2025M11,8,Pineda de Mar
0816301004,50,233,4.66,2.2665458,2025M11,8,Pineda de Mar
0816301008,3,16,5.3333335,0.38860103,2025M11,8,Pineda de Mar
0816301003,23,137,5.9565215,2.2460938,2025M11,8,Pineda de Mar
0816301002,26,114,4.3846154,1.5892421,2025M11,8,Pineda de Mar
0816301001,11,64,5.818182,0.85470086,2025M11,8,Pineda de Mar
0816301014,1,4,4.0,0.10341261,2025M11,8,Pineda de Mar
0816401001,3,18,6.0,0.41095892,2025M11,8,"Pla del Penedès, El"
0816501001,5,18,3.6,0.47214353,2025M11,8,"Pobla de Claramunt, La"
0816601001,11,74,6.7272725,1.1122346,2025M11,8,"Pobla de Lillet, La"
0816701005,0,0,0.0,0.0,2025M11,8,Polinyà
0816701001,0,0,0.0,0.0,2025M11,8,Polinyà
0816701003,0,0,0.0,0.0,2025M11,8,Polinyà
0816701002,0,0,0.0,0.0,2025M11,8,Polinyà
0816701004,1,4,4.0,0.13333334,2025M11,8,Polinyà
0816801001,15,61,4.0666666,2.5510204,2025M11,8,Pontons
0816904001,0,0,0.0,0.0,2025M11,8,"Prat de Llobregat, El"
0816904005,9,26,2.8888888,1.7716535,2025M11,8,"Prat de Llobregat, El"
0816904003,4,10,2.5,0.75757575,2025M11,8,"Prat de Llobregat, El"
0816904006,2,6,3.0,0.625,2025M11,8,"Prat de Llobregat, El"
0816905002,0,0,0.0,0.0,2025M11,8,"Prat de Llobregat, El"
0816905003,0,0,0.0,0.0,2025M11,8,"Prat de Llobregat, El"
0816905004,0,0,0.0,0.0,2025M11,8,"Prat de Llobregat, El"
0816905005,0,0,0.0,0.0,2025M11,8,"Prat de Llobregat, El"
0816905007,2,6,3.0,0.2503129,2025M11,8,"Prat de Llobregat, El"
0816905008,0,0,0.0,0.0,2025M11,8,"Prat de Llobregat, El"
0816905009,3,20,6.6666665,0.37641156,2025M11,8,"Prat de Llobregat, El"
0816905001,0,0,0.0,0.0,2025M11,8,"Prat de Llobregat, El"
0816905006,0,0,0.0,0.0,2025M11,8,"Prat de Llobregat, El"
0816904004,1,2,2.0,0.22421525,2025M11,8,"Prat de Llobregat, El"
0816904002,4,13,3.25,0.5340454,2025M11,8,"Prat de Llobregat, El"
0816903010,2,3,1.5,0.28011206,2025M11,8,"Prat de Llobregat, El"
0816903009,0,0,0.0,0.0,2025M11,8,"Prat de Llobregat, El"
0816903008,2,4,2.0,0.265252,2025M11,8,"Prat de Llobregat, El"
0816903013,0,0,0.0,0.0,2025M11,8,"Prat de Llobregat, El"
0816903006,1,4,4.0,0.18621974,2025M11,8,"Prat de Llobregat, El"
0816903005,2,12,6.0,0.21857923,2025M11,8,"Prat de Llobregat, El"
0816903004,3,10,3.3333333,0.41958043,2025M11,8,"Prat de Llobregat, El"
0816903007,1,5,5.0,0.13227513,2025M11,8,"Prat de Llobregat, El"
0816903003,0,0,0.0,0.0,2025M11,8,"Prat de Llobregat, El"
0816903002,6,24,4.0,1.4354067,2025M11,8,"Prat de Llobregat, El"
0816903001,1,1,1.0,0.1490313,2025M11,8,"Prat de Llobregat, El"
0816902006,0,0,0.0,0.0,2025M11,8,"Prat de Llobregat, El"
0816902005,4,13,3.25,0.46565774,2025M11,8,"Prat de Llobregat, El"
0816901004,3,8,2.6666667,0.36319613,2025M11,8,"Prat de Llobregat, El"
0816902007,0,0,0.0,0.0,2025M11,8,"Prat de Llobregat, El"
0816903011,0,0,0.0,0.0,2025M11,8,"Prat de Llobregat, El"
0816902002,3,10,3.3333333,0.32751092,2025M11,8,"Prat de Llobregat, El"
0816901002,4,7,1.75,0.4733728,2025M11,8,"Prat de Llobregat, El"
0816902004,6,32,5.3333335,0.71770334,2025M11,8,"Prat de Llobregat, El"
0816902001,3,18,6.0,0.40106952,2025M11,8,"Prat de Llobregat, El"
0816901003,1,5,5.0,0.15974441,2025M11,8,"Prat de Llobregat, El"
0816903012,0,0,0.0,0.0,2025M11,8,"Prat de Llobregat, El"
0816901005,6,17,2.8333333,0.872093,2025M11,8,"Prat de Llobregat, El"
0816901001,5,15,3.0,0.6289308,2025M11,8,"Prat de Llobregat, El"
0816902003,6,20,3.3333333,0.9569378,2025M11,8,"Prat de Llobregat, El"
0817001001,1,16,16.0,0.28169015,2025M11,8,"Prats de Rei, Els"
0817101002,0,0,0.0,0.0,2025M11,8,Prats de Lluçanès
0817101001,1,7,7.0,0.16103059,2025M11,8,Prats de Lluçanès
0817203009,5,20,4.0,0.8635579,2025M11,8,Premià de Mar
0817203008,0,0,0.0,0.0,2025M11,8,Premià de Mar
0817203002,1,6,6.0,0.13793103,2025M11,8,Premià de Mar
0817201002,13,56,4.3076925,1.199262,2025M11,8,Premià de Mar
0817201003,1,4,4.0,0.089605734,2025M11,8,Premià de Mar
0817202001,8,53,6.625,0.7968128,2025M11,8,Premià de Mar
0817203003,2,5,2.5,0.37313432,2025M11,8,Premià de Mar
0817202004,0,0,0.0,0.0,2025M11,8,Premià de Mar
0817202003,3,15,5.0,0.39370078,2025M11,8,Premià de Mar
0817203001,4,19,4.75,0.5471956,2025M11,8,Premià de Mar
0817202002,3,12,4.0,0.30241936,2025M11,8,Premià de Mar
0817203004,0,0,0.0,0.0,2025M11,8,Premià de Mar
0817203007,2,14,7.0,0.3294893,2025M11,8,Premià de Mar
0817203006,1,4,4.0,0.16806723,2025M11,8,Premià de Mar
0817201001,5,19,3.8,0.46860355,2025M11,8,Premià de Mar
0817203005,0,0,0.0,0.0,2025M11,8,Premià de Mar
0817401001,1,15,15.0,0.38022813,2025M11,8,Puigdàlber
0817502001,2,13,6.5,0.5012531,2025M11,8,Puig-reig
0817501001,0,0,0.0,0.0,2025M11,8,Puig-reig
0817501002,0,0,0.0,0.0,2025M11,8,Puig-reig
0817601001,10,73,7.3,5.681818,2025M11,8,Pujalt
0817701001,2,15,7.5,0.0,2025M11,8,"Quar, La"
0817801001,0,0,0.0,0.0,2025M11,8,Rajadell
0817901001,7,33,4.714286,1.2773722,2025M11,8,Rellinars
0818002004,0,0,0.0,0.0,2025M11,8,Ripollet
0818002007,0,0,0.0,0.0,2025M11,8,Ripollet
0818002006,0,0,0.0,0.0,2025M11,8,Ripollet
0818002005,0,0,0.0,0.0,2025M11,8,Ripollet
0818002003,0,0,0.0,0.0,2025M11,8,Ripollet
0818002002,0,0,0.0,0.0,2025M11,8,Ripollet
0818002001,0,0,0.0,0.0,2025M11,8,Ripollet
0818001010,0,0,0.0,0.0,2025M11,8,Ripollet
0818001009,0,0,0.0,0.0,2025M11,8,Ripollet
0818001006,0,0,0.0,0.0,2025M11,8,Ripollet
0818001004,1,4,4.0,0.11918951,2025M11,8,Ripollet
0818001003,0,0,0.0,0.0,2025M11,8,Ripollet
0818001001,0,0,0.0,0.0,2025M11,8,Ripollet
0818001011,0,0,0.0,0.0,2025M11,8,Ripollet
0818001002,0,0,0.0,0.0,2025M11,8,Ripollet
0818001005,1,4,4.0,0.119474314,2025M11,8,Ripollet
0818001012,0,0,0.0,0.0,2025M11,8,Ripollet
0818001007,2,8,4.0,0.19286403,2025M11,8,Ripollet
0818001013,0,0,0.0,0.0,2025M11,8,Ripollet
0818001008,3,15,5.0,0.25641024,2025M11,8,Ripollet
0818101005,3,12,4.0,0.23094688,2025M11,8,"Roca del Vallès, La"
0818101004,1,4,4.0,0.113895215,2025M11,8,"Roca del Vallès, La"
0818101003,1,4,4.0,0.08896797,2025M11,8,"Roca del Vallès, La"
0818101001,4,16,4.0,0.5427408,2025M11,8,"Roca del Vallès, La"
0818101002,0,0,0.0,0.0,2025M11,8,"Roca del Vallès, La"
0818201001,8,72,9.0,0.41004613,2025M11,8,"Pont de Vilomara i Rocafort, El"
0818302001,1,3,3.0,0.17064847,2025M11,8,Roda de Ter
0818301003,1,2,2.0,0.1650165,2025M11,8,Roda de Ter
0818301001,4,32,8.0,0.4305705,2025M11,8,Roda de Ter
0818301002,2,6,3.0,0.28653294,2025M11,8,Roda de Ter
0818404007,0,0,0.0,0.0,2025M11,8,Rubí
0818404008,1,6,6.0,0.16863406,2025M11,8,Rubí
0818404010,0,0,0.0,0.0,2025M11,8,Rubí
0818404011,0,0,0.0,0.0,2025M11,8,Rubí
0818404012,0,0,0.0,0.0,2025M11,8,Rubí
0818404014,0,0,0.0,0.0,2025M11,8,Rubí
0818404015,1,4,4.0,0.14992504,2025M11,8,Rubí
0818404016,0,0,0.0,0.0,2025M11,8,Rubí
0818404018,0,0,0.0,0.0,2025M11,8,Rubí
0818404019,0,0,0.0,0.0,2025M11,8,Rubí
0818404022,0,0,0.0,0.0,2025M11,8,Rubí
0818404025,0,0,0.0,0.0,2025M11,8,Rubí
0818404023,0,0,0.0,0.0,2025M11,8,Rubí
0818404021,1,4,4.0,0.152207,2025M11,8,Rubí
0818404024,6,24,4.0,1.0657194,2025M11,8,Rubí
0818404020,0,0,0.0,0.0,2025M11,8,Rubí
0818404013,0,0,0.0,0.0,2025M11,8,Rubí
0818404006,3,10,3.3333333,0.36764705,2025M11,8,Rubí
0818404009,0,0,0.0,0.0,2025M11,8,Rubí
0818404005,0,0,0.0,0.0,2025M11,8,Rubí
0818404004,0,0,0.0,0.0,2025M11,8,Rubí
0818404003,1,4,4.0,0.14204545,2025M11,8,Rubí
0818404002,3,12,4.0,0.4622496,2025M11,8,Rubí
0818404001,3,12,4.0,0.4037685,2025M11,8,Rubí
0818403008,0,0,0.0,0.0,2025M11,8,Rubí
0818403007,1,4,4.0,0.12787724,2025M11,8,Rubí
0818402004,0,0,0.0,0.0,2025M11,8,Rubí
0818403005,0,0,0.0,0.0,2025M11,8,Rubí
0818402006,2,10,5.0,0.3710575,2025M11,8,Rubí
0818404026,4,14,3.5,0.41365045,2025M11,8,Rubí
0818403001,6,34,5.6666665,0.82417583,2025M11,8,Rubí
0818403003,1,4,4.0,0.11668611,2025M11,8,Rubí
0818402005,0,0,0.0,0.0,2025M11,8,Rubí
0818403009,0,0,0.0,0.0,2025M11,8,Rubí
0818401004,3,36,12.0,0.405954,2025M11,8,Rubí
0818402003,0,0,0.0,0.0,2025M11,8,Rubí
0818402001,3,20,6.6666665,0.24570024,2025M11,8,Rubí
0818401003,0,0,0.0,0.0,2025M11,8,Rubí
0818401002,0,0,0.0,0.0,2025M11,8,Rubí
0818403004,0,0,0.0,0.0,2025M11,8,Rubí
0818403006,1,4,4.0,0.125,2025M11,8,Rubí
0818401001,0,0,0.0,0.0,2025M11,8,Rubí
0818501001,1,16,16.0,0.96153843,2025M11,8,Rubió
0818706002,0,0,0.0,0.0,2025M11,8,Sabadell
0818705015,3,12,4.0,0.4636785,2025M11,8,Sabadell
0818707001,0,0,0.0,0.0,2025M11,8,Sabadell
0818707008,0,0,0.0,0.0,2025M11,8,Sabadell
0818707006,0,0,0.0,0.0,2025M11,8,Sabadell
0818707004,0,0,0.0,0.0,2025M11,8,Sabadell
0818707003,0,0,0.0,0.0,2025M11,8,Sabadell
0818707002,0,0,0.0,0.0,2025M11,8,Sabadell
0818706025,0,0,0.0,0.0,2025M11,8,Sabadell
0818706024,0,0,0.0,0.0,2025M11,8,Sabadell
0818706023,1,4,4.0,0.11764706,2025M11,8,Sabadell
0818706022,1,4,4.0,0.13140604,2025M11,8,Sabadell
0818706021,2,8,4.0,0.41322315,2025M11,8,Sabadell
0818706020,0,0,0.0,0.0,2025M11,8,Sabadell
0818706018,1,4,4.0,0.13071896,2025M11,8,Sabadell
0818706016,0,0,0.0,0.0,2025M11,8,Sabadell
0818706014,0,0,0.0,0.0,2025M11,8,Sabadell
0818706013,0,0,0.0,0.0,2025M11,8,Sabadell
0818706012,0,0,0.0,0.0,2025M11,8,Sabadell
0818706010,0,0,0.0,0.0,2025M11,8,Sabadell
0818706006,0,0,0.0,0.0,2025M11,8,Sabadell
0818706007,1,4,4.0,0.2247191,2025M11,8,Sabadell
0818706005,0,0,0.0,0.0,2025M11,8,Sabadell
0818706004,0,0,0.0,0.0,2025M11,8,Sabadell
0818706003,0,0,0.0,0.0,2025M11,8,Sabadell
0818706011,0,0,0.0,0.0,2025M11,8,Sabadell
0818706001,0,0,0.0,0.0,2025M11,8,Sabadell
0818705016,2,5,2.5,0.32894737,2025M11,8,Sabadell
0818705014,0,0,0.0,0.0,2025M11,8,Sabadell
0818705013,0,0,0.0,0.0,2025M11,8,Sabadell
0818705011,0,0,0.0,0.0,2025M11,8,Sabadell
0818705009,0,0,0.0,0.0,2025M11,8,Sabadell
0818705008,0,0,0.0,0.0,2025M11,8,Sabadell
0818705006,0,0,0.0,0.0,2025M11,8,Sabadell
0818705004,0,0,0.0,0.0,2025M11,8,Sabadell
0818705007,1,3,3.0,0.32786885,2025M11,8,Sabadell
0818705002,2,8,4.0,0.22222222,2025M11,8,Sabadell
0818705005,2,8,4.0,0.33500838,2025M11,8,Sabadell
0818705001,1,4,4.0,0.12210012,2025M11,8,Sabadell
0818705003,0,0,0.0,0.0,2025M11,8,Sabadell
0818704030,0,0,0.0,0.0,2025M11,8,Sabadell
0818704028,0,0,0.0,0.0,2025M11,8,Sabadell
0818704027,0,0,0.0,0.0,2025M11,8,Sabadell
0818704026,0,0,0.0,0.0,2025M11,8,Sabadell
0818704024,0,0,0.0,0.0,2025M11,8,Sabadell
0818704023,1,4,4.0,0.21645021,2025M11,8,Sabadell
0818704022,0,0,0.0,0.0,2025M11,8,Sabadell
0818704020,0,0,0.0,0.0,2025M11,8,Sabadell
0818704019,0,0,0.0,0.0,2025M11,8,Sabadell
0818704018,0,0,0.0,0.0,2025M11,8,Sabadell
0818704017,1,6,6.0,0.12484395,2025M11,8,Sabadell
0818704016,0,0,0.0,0.0,2025M11,8,Sabadell
0818704015,0,0,0.0,0.0,2025M11,8,Sabadell
0818704012,0,0,0.0,0.0,2025M11,8,Sabadell
0818704003,0,0,0.0,0.0,2025M11,8,Sabadell
0818704011,0,0,0.0,0.0,2025M11,8,Sabadell
0818704004,0,0,0.0,0.0,2025M11,8,Sabadell
0818704008,3,12,4.0,0.37926674,2025M11,8,Sabadell
0818704006,0,0,0.0,0.0,2025M11,8,Sabadell
0818704010,1,4,4.0,0.16722408,2025M11,8,Sabadell
0818704009,1,4,4.0,0.24038461,2025M11,8,Sabadell
0818704002,0,0,0.0,0.0,2025M11,8,Sabadell
0818703027,0,0,0.0,0.0,2025M11,8,Sabadell
0818704014,0,0,0.0,0.0,2025M11,8,Sabadell
0818703026,0,0,0.0,0.0,2025M11,8,Sabadell
0818703025,0,0,0.0,0.0,2025M11,8,Sabadell
0818704007,0,0,0.0,0.0,2025M11,8,Sabadell
0818703024,0,0,0.0,0.0,2025M11,8,Sabadell
0818703023,0,0,0.0,0.0,2025M11,8,Sabadell
0818703022,0,0,0.0,0.0,2025M11,8,Sabadell
0818703021,2,11,5.5,0.3539823,2025M11,8,Sabadell
0818703019,1,6,6.0,0.31152648,2025M11,8,Sabadell
0818703018,0,0,0.0,0.0,2025M11,8,Sabadell
0818703017,0,0,0.0,0.0,2025M11,8,Sabadell
0818703020,0,0,0.0,0.0,2025M11,8,Sabadell
0818703015,0,0,0.0,0.0,2025M11,8,Sabadell
0818703014,0,0,0.0,0.0,2025M11,8,Sabadell
0818703013,1,4,4.0,0.21186441,2025M11,8,Sabadell
0818703016,0,0,0.0,0.0,2025M11,8,Sabadell
0818703011,0,0,0.0,0.0,2025M11,8,Sabadell
0818703010,0,0,0.0,0.0,2025M11,8,Sabadell
0818704005,1,4,4.0,0.14513788,2025M11,8,Sabadell
0818704001,0,0,0.0,0.0,2025M11,8,Sabadell
0818704013,0,0,0.0,0.0,2025M11,8,Sabadell
0818703007,0,0,0.0,0.0,2025M11,8,Sabadell
0818703009,0,0,0.0,0.0,2025M11,8,Sabadell
0818703008,2,8,4.0,0.4008016,2025M11,8,Sabadell
0818703005,0,0,0.0,0.0,2025M11,8,Sabadell
0818703003,0,0,0.0,0.0,2025M11,8,Sabadell
0818703006,0,0,0.0,0.0,2025M11,8,Sabadell
0818703001,0,0,0.0,0.0,2025M11,8,Sabadell
0818703004,1,4,4.0,0.13623978,2025M11,8,Sabadell
0818703012,1,4,4.0,0.24271844,2025M11,8,Sabadell
0818703002,0,0,0.0,0.0,2025M11,8,Sabadell
0818704025,0,0,0.0,0.0,2025M11,8,Sabadell
0818702015,2,8,4.0,0.32894737,2025M11,8,Sabadell
0818702014,0,0,0.0,0.0,2025M11,8,Sabadell
0818702017,2,8,4.0,0.3809524,2025M11,8,Sabadell
0818702013,0,0,0.0,0.0,2025M11,8,Sabadell
0818702012,0,0,0.0,0.0,2025M11,8,Sabadell
0818702011,0,0,0.0,0.0,2025M11,8,Sabadell
0818702010,0,0,0.0,0.0,2025M11,8,Sabadell
0818704029,4,20,5.0,0.8213552,2025M11,8,Sabadell
0818704021,0,0,0.0,0.0,2025M11,8,Sabadell
0818702009,0,0,0.0,0.0,2025M11,8,Sabadell
0818702016,0,0,0.0,0.0,2025M11,8,Sabadell
0818702008,0,0,0.0,0.0,2025M11,8,Sabadell
0818702007,2,8,4.0,0.23201856,2025M11,8,Sabadell
0818702006,1,4,4.0,0.10660981,2025M11,8,Sabadell
0818702003,0,0,0.0,0.0,2025M11,8,Sabadell
0818701037,0,0,0.0,0.0,2025M11,8,Sabadell
0818705012,0,0,0.0,0.0,2025M11,8,Sabadell
0818702001,0,0,0.0,0.0,2025M11,8,Sabadell
0818702002,1,4,4.0,0.15360983,2025M11,8,Sabadell
0818701038,0,0,0.0,0.0,2025M11,8,Sabadell
0818702004,2,8,4.0,0.2173913,2025M11,8,Sabadell
0818701036,0,0,0.0,0.0,2025M11,8,Sabadell
0818701035,0,0,0.0,0.0,2025M11,8,Sabadell
0818701034,0,0,0.0,0.0,2025M11,8,Sabadell
0818701033,4,15,3.75,0.6745362,2025M11,8,Sabadell
0818701032,1,4,4.0,0.1724138,2025M11,8,Sabadell
0818706009,0,0,0.0,0.0,2025M11,8,Sabadell
0818706008,1,4,4.0,0.16025642,2025M11,8,Sabadell
0818701031,0,0,0.0,0.0,2025M11,8,Sabadell
0818702005,3,12,4.0,0.36014405,2025M11,8,Sabadell
0818701030,1,4,4.0,0.18726592,2025M11,8,Sabadell
0818701029,1,4,4.0,0.17699115,2025M11,8,Sabadell
0818701027,0,0,0.0,0.0,2025M11,8,Sabadell
0818701028,1,4,4.0,0.25906736,2025M11,8,Sabadell
0818701025,0,0,0.0,0.0,2025M11,8,Sabadell
0818701024,0,0,0.0,0.0,2025M11,8,Sabadell
0818706017,0,0,0.0,0.0,2025M11,8,Sabadell
0818701023,0,0,0.0,0.0,2025M11,8,Sabadell
0818701022,0,0,0.0,0.0,2025M11,8,Sabadell
0818701026,0,0,0.0,0.0,2025M11,8,Sabadell
0818701021,0,0,0.0,0.0,2025M11,8,Sabadell
0818701020,0,0,0.0,0.0,2025M11,8,Sabadell
0818701019,2,8,4.0,0.1923077,2025M11,8,Sabadell
0818701018,0,0,0.0,0.0,2025M11,8,Sabadell
0818701015,1,4,4.0,0.14084508,2025M11,8,Sabadell
0818701014,0,0,0.0,0.0,2025M11,8,Sabadell
0818701013,0,0,0.0,0.0,2025M11,8,Sabadell
0818701010,1,4,4.0,0.17921147,2025M11,8,Sabadell
0818701007,1,4,4.0,0.105596624,2025M11,8,Sabadell
0818707005,1,4,4.0,0.19762845,2025M11,8,Sabadell
0818707007,0,0,0.0,0.0,2025M11,8,Sabadell
0818701008,1,4,4.0,0.08503401,2025M11,8,Sabadell
0818701005,0,0,0.0,0.0,2025M11,8,Sabadell
0818701002,0,0,0.0,0.0,2025M11,8,Sabadell
0818701003,2,8,4.0,0.34423408,2025M11,8,Sabadell
0818701001,1,4,4.0,0.21321961,2025M11,8,Sabadell
0818701004,1,4,4.0,0.10070494,2025M11,8,Sabadell
0818701006,0,0,0.0,0.0,2025M11,8,Sabadell
0818701009,1,4,4.0,0.13986014,2025M11,8,Sabadell
0818701012,0,0,0.0,0.0,2025M11,8,Sabadell
0818701016,0,0,0.0,0.0,2025M11,8,Sabadell
0818701017,1,4,4.0,0.085689805,2025M11,8,Sabadell
0818701011,0,0,0.0,0.0,2025M11,8,Sabadell
0818801001,1,16,16.0,1.2820513,2025M11,8,Sagàs
0818901001,1,13,13.0,0.990099,2025M11,8,Sant Pere Sallavinera
0819001001,9,55,6.111111,2.452316,2025M11,8,Saldes
0819101003,0,0,0.0,0.0,2025M11,8,Sallent
0819101001,0,0,0.0,0.0,2025M11,8,Sallent
0819101005,1,7,7.0,0.16233766,2025M11,8,Sallent
0819101004,0,0,0.0,0.0,2025M11,8,Sallent
0819101006,2,22,11.0,0.43103448,2025M11,8,Sallent
0819201003,1,10,10.0,0.088495575,2025M11,8,Santpedor
0819201004,0,0,0.0,0.0,2025M11,8,Santpedor
0819201002,1,15,15.0,0.09416196,2025M11,8,Santpedor
0819201001,2,8,4.0,0.26595744,2025M11,8,Santpedor
0819301001,9,59,6.5555553,1.1795543,2025M11,8,Sant Iscle de Vallalta
0819401002,6,20,3.3333333,0.8746356,2025M11,8,Sant Adrià de Besòs
0819401003,9,39,4.3333335,1.2,2025M11,8,Sant Adrià de Besòs
0819401004,5,21,4.2,0.7194245,2025M11,8,Sant Adrià de Besòs
0819402004,11,53,4.818182,1.4745308,2025M11,8,Sant Adrià de Besòs
0819403001,4,15,3.75,0.9195402,2025M11,8,Sant Adrià de Besòs
0819405002,8,35,4.375,1.183432,2025M11,8,Sant Adrià de Besòs
0819405003,5,25,5.0,1.2626263,2025M11,8,Sant Adrià de Besòs
0819406001,0,0,0.0,0.0,2025M11,8,Sant Adrià de Besòs
0819406005,0,0,0.0,0.0,2025M11,8,Sant Adrià de Besòs
0819406006,2,11,5.5,0.34246576,2025M11,8,Sant Adrià de Besòs
0819406007,54,276,5.111111,4.361874,2025M11,8,Sant Adrià de Besòs
0819406004,0,0,0.0,0.0,2025M11,8,Sant Adrià de Besòs
0819405004,3,14,4.6666665,0.7692308,2025M11,8,Sant Adrià de Besòs
0819402003,15,68,4.5333333,2.5466893,2025M11,8,Sant Adrià de Besòs
0819401006,3,14,4.6666665,0.5940594,2025M11,8,Sant Adrià de Besòs
0819401005,11,41,3.7272727,1.3079667,2025M11,8,Sant Adrià de Besòs
0819401001,7,32,4.571429,1.1456629,2025M11,8,Sant Adrià de Besòs
0819402001,32,136,4.25,4.3956046,2025M11,8,Sant Adrià de Besòs
0819402002,35,162,4.6285715,5.035971,2025M11,8,Sant Adrià de Besòs
0819404001,19,92,4.8421054,2.4739583,2025M11,8,Sant Adrià de Besòs
0819405001,1,6,6.0,0.15698586,2025M11,8,Sant Adrià de Besòs
0819406002,1,6,6.0,0.20576131,2025M11,8,Sant Adrià de Besòs
0819406003,0,0,0.0,0.0,2025M11,8,Sant Adrià de Besòs
0819402005,4,20,5.0,0.47675803,2025M11,8,Sant Adrià de Besòs
0819501001,0,0,0.0,0.0,2025M11,8,Sant Agustí de Lluçanès
0819601014,0,0,0.0,0.0,2025M11,8,Sant Andreu de la Barca
0819601013,0,0,0.0,0.0,2025M11,8,Sant Andreu de la Barca
0819601012,0,0,0.0,0.0,2025M11,8,Sant Andreu de la Barca
0819601010,0,0,0.0,0.0,2025M11,8,Sant Andreu de la Barca
0819601007,0,0,0.0,0.0,2025M11,8,Sant Andreu de la Barca
0819601001,0,0,0.0,0.0,2025M11,8,Sant Andreu de la Barca
0819601005,0,0,0.0,0.0,2025M11,8,Sant Andreu de la Barca
0819601006,0,0,0.0,0.0,2025M11,8,Sant Andreu de la Barca
0819601009,0,0,0.0,0.0,2025M11,8,Sant Andreu de la Barca
0819601011,0,0,0.0,0.0,2025M11,8,Sant Andreu de la Barca
0819601002,0,0,0.0,0.0,2025M11,8,Sant Andreu de la Barca
0819601004,0,0,0.0,0.0,2025M11,8,Sant Andreu de la Barca
0819601008,0,0,0.0,0.0,2025M11,8,Sant Andreu de la Barca
0819601003,0,0,0.0,0.0,2025M11,8,Sant Andreu de la Barca
0819701002,1,8,8.0,0.0952381,2025M11,8,Sant Andreu de Llavaneres
0819702002,20,91,4.55,1.6792611,2025M11,8,Sant Andreu de Llavaneres
0819702001,22,143,6.5,2.2940564,2025M11,8,Sant Andreu de Llavaneres
0819701003,3,12,4.0,0.42492917,2025M11,8,Sant Andreu de Llavaneres
0819701001,1,4,4.0,0.10460251,2025M11,8,Sant Andreu de Llavaneres
0819702003,3,17,5.6666665,0.42918456,2025M11,8,Sant Andreu de Llavaneres
0819801004,0,0,0.0,0.0,2025M11,8,Sant Antoni de Vilamajor
0819801001,1,4,4.0,0.14044943,2025M11,8,Sant Antoni de Vilamajor
0819801003,7,78,11.142858,1.0920436,2025M11,8,Sant Antoni de Vilamajor
0819801002,2,20,10.0,0.26845637,2025M11,8,Sant Antoni de Vilamajor
0819901001,4,54,13.5,0.9433962,2025M11,8,Sant Bartomeu del Grau
0820006003,1,4,4.0,0.19880715,2025M11,8,Sant Boi de Llobregat
0820006002,0,0,0.0,0.0,2025M11,8,Sant Boi de Llobregat
0820006001,0,0,0.0,0.0,2025M11,8,Sant Boi de Llobregat
0820005003,0,0,0.0,0.0,2025M11,8,Sant Boi de Llobregat
0820005002,0,0,0.0,0.0,2025M11,8,Sant Boi de Llobregat
0820005001,0,0,0.0,0.0,2025M11,8,Sant Boi de Llobregat
0820004002,0,0,0.0,0.0,2025M11,8,Sant Boi de Llobregat
0820004006,2,8,4.0,0.22148395,2025M11,8,Sant Boi de Llobregat
0820004003,1,4,4.0,0.1923077,2025M11,8,Sant Boi de Llobregat
0820004004,0,0,0.0,0.0,2025M11,8,Sant Boi de Llobregat
0820004008,0,0,0.0,0.0,2025M11,8,Sant Boi de Llobregat
0820004009,1,4,4.0,0.22172949,2025M11,8,Sant Boi de Llobregat
0820004001,0,0,0.0,0.0,2025M11,8,Sant Boi de Llobregat
0820003007,2,4,2.0,0.21978022,2025M11,8,Sant Boi de Llobregat
0820003006,1,4,4.0,0.16583748,2025M11,8,Sant Boi de Llobregat
0820003005,3,18,6.0,0.28544244,2025M11,8,Sant Boi de Llobregat
0820003003,3,10,3.3333333,0.33482143,2025M11,8,Sant Boi de Llobregat
0820003002,0,0,0.0,0.0,2025M11,8,Sant Boi de Llobregat
0820003001,2,7,3.5,0.25412962,2025M11,8,Sant Boi de Llobregat
0820003004,3,18,6.0,0.66815144,2025M11,8,Sant Boi de Llobregat
0820003009,0,0,0.0,0.0,2025M11,8,Sant Boi de Llobregat
0820003008,2,11,5.5,0.5882353,2025M11,8,Sant Boi de Llobregat
0820002019,0,0,0.0,0.0,2025M11,8,Sant Boi de Llobregat
0820002017,0,0,0.0,0.0,2025M11,8,Sant Boi de Llobregat
0820002016,2,10,5.0,0.39292732,2025M11,8,Sant Boi de Llobregat
0820002014,0,0,0.0,0.0,2025M11,8,Sant Boi de Llobregat
0820002013,2,15,7.5,0.2567394,2025M11,8,Sant Boi de Llobregat
0820002018,0,0,0.0,0.0,2025M11,8,Sant Boi de Llobregat
0820002010,0,0,0.0,0.0,2025M11,8,Sant Boi de Llobregat
0820002012,1,4,4.0,0.10471204,2025M11,8,Sant Boi de Llobregat
0820004005,0,0,0.0,0.0,2025M11,8,Sant Boi de Llobregat
0820004007,0,0,0.0,0.0,2025M11,8,Sant Boi de Llobregat
0820002015,0,0,0.0,0.0,2025M11,8,Sant Boi de Llobregat
0820002011,0,0,0.0,0.0,2025M11,8,Sant Boi de Llobregat
0820002009,0,0,0.0,0.0,2025M11,8,Sant Boi de Llobregat
0820002008,0,0,0.0,0.0,2025M11,8,Sant Boi de Llobregat
0820002007,0,0,0.0,0.0,2025M11,8,Sant Boi de Llobregat
0820002006,0,0,0.0,0.0,2025M11,8,Sant Boi de Llobregat
0820002005,0,0,0.0,0.0,2025M11,8,Sant Boi de Llobregat
0820002003,1,4,4.0,0.12437811,2025M11,8,Sant Boi de Llobregat
0820002002,0,0,0.0,0.0,2025M11,8,Sant Boi de Llobregat
0820002001,1,4,4.0,0.10764263,2025M11,8,Sant Boi de Llobregat
0820001007,0,0,0.0,0.0,2025M11,8,Sant Boi de Llobregat
0820001004,0,0,0.0,0.0,2025M11,8,Sant Boi de Llobregat
0820001003,0,0,0.0,0.0,2025M11,8,Sant Boi de Llobregat
0820001001,0,0,0.0,0.0,2025M11,8,Sant Boi de Llobregat
0820001002,0,0,0.0,0.0,2025M11,8,Sant Boi de Llobregat
0820001005,3,11,3.6666667,0.30643514,2025M11,8,Sant Boi de Llobregat
0820001006,0,0,0.0,0.0,2025M11,8,Sant Boi de Llobregat
0820002004,0,0,0.0,0.0,2025M11,8,Sant Boi de Llobregat
0820101001,6,50,8.333333,1.754386,2025M11,8,Sant Boi de Lluçanès
0820201003,0,0,0.0,0.0,2025M11,8,Sant Celoni
0820201004,0,0,0.0,0.0,2025M11,8,Sant Celoni
0820201008,0,0,0.0,0.0,2025M11,8,Sant Celoni
0820201005,1,4,4.0,0.09478673,2025M11,8,Sant Celoni
0820201002,0,0,0.0,0.0,2025M11,8,Sant Celoni
0820201001,0,0,0.0,0.0,2025M11,8,Sant Celoni
0820202001,5,32,6.4,0.42625746,2025M11,8,Sant Celoni
0820201009,1,3,3.0,0.115207374,2025M11,8,Sant Celoni
0820201006,0,0,0.0,0.0,2025M11,8,Sant Celoni
0820201007,0,0,0.0,0.0,2025M11,8,Sant Celoni
0820301001,13,87,6.6923075,1.2428298,2025M11,8,Sant Cebrià de Vallalta
0820301002,36,209,5.8055553,3.2142856,2025M11,8,Sant Cebrià de Vallalta
0820401002,0,0,0.0,0.0,2025M11,8,Sant Climent de Llobregat
0820401001,0,0,0.0,0.0,2025M11,8,Sant Climent de Llobregat
0820506001,9,36,4.0,1.7241379,2025M11,8,Sant Cugat del Vallès
0820505008,0,0,0.0,0.0,2025M11,8,Sant Cugat del Vallès
0820505007,2,10,5.0,0.1532567,2025M11,8,Sant Cugat del Vallès
0820505005,2,3,1.5,0.38535646,2025M11,8,Sant Cugat del Vallès
0820505003,2,12,6.0,0.26490065,2025M11,8,Sant Cugat del Vallès
0820505004,0,0,0.0,0.0,2025M11,8,Sant Cugat del Vallès
0820505001,0,0,0.0,0.0,2025M11,8,Sant Cugat del Vallès
0820504003,11,38,3.4545455,1.4804845,2025M11,8,Sant Cugat del Vallès
0820503004,3,12,4.0,0.4213483,2025M11,8,Sant Cugat del Vallès
0820505002,1,4,4.0,0.18903592,2025M11,8,Sant Cugat del Vallès
0820503002,3,11,3.6666667,0.36363637,2025M11,8,Sant Cugat del Vallès
0820503001,4,21,5.25,0.60790277,2025M11,8,Sant Cugat del Vallès
0820504002,10,31,3.1,1.8552876,2025M11,8,Sant Cugat del Vallès
0820502011,0,0,0.0,0.0,2025M11,8,Sant Cugat del Vallès
0820502012,1,4,4.0,0.16722408,2025M11,8,Sant Cugat del Vallès
0820502008,1,6,6.0,0.1303781,2025M11,8,Sant Cugat del Vallès
0820502005,1,4,4.0,0.1510574,2025M11,8,Sant Cugat del Vallès
0820502006,0,0,0.0,0.0,2025M11,8,Sant Cugat del Vallès
0820502004,0,0,0.0,0.0,2025M11,8,Sant Cugat del Vallès
0820502003,1,6,6.0,0.15337424,2025M11,8,Sant Cugat del Vallès
0820502002,2,10,5.0,0.22446689,2025M11,8,Sant Cugat del Vallès
0820503003,9,56,6.2222223,1.120797,2025M11,8,Sant Cugat del Vallès
0820502001,3,10,3.3333333,0.54151624,2025M11,8,Sant Cugat del Vallès
0820502010,1,4,4.0,0.1369863,2025M11,8,Sant Cugat del Vallès
0820502009,0,0,0.0,0.0,2025M11,8,Sant Cugat del Vallès
0820501023,0,0,0.0,0.0,2025M11,8,Sant Cugat del Vallès
0820502007,5,15,3.0,0.6756757,2025M11,8,Sant Cugat del Vallès
0820501021,1,4,4.0,0.24271844,2025M11,8,Sant Cugat del Vallès
0820501022,0,0,0.0,0.0,2025M11,8,Sant Cugat del Vallès
0820501020,1,4,4.0,0.1908397,2025M11,8,Sant Cugat del Vallès
0820501019,1,4,4.0,0.24038461,2025M11,8,Sant Cugat del Vallès
0820501018,0,0,0.0,0.0,2025M11,8,Sant Cugat del Vallès
0820504001,0,0,0.0,0.0,2025M11,8,Sant Cugat del Vallès
0820501017,0,0,0.0,0.0,2025M11,8,Sant Cugat del Vallès
0820501016,0,0,0.0,0.0,2025M11,8,Sant Cugat del Vallès
0820501024,0,0,0.0,0.0,2025M11,8,Sant Cugat del Vallès
0820501015,0,0,0.0,0.0,2025M11,8,Sant Cugat del Vallès
0820505006,1,8,8.0,0.09099181,2025M11,8,Sant Cugat del Vallès
0820501012,0,0,0.0,0.0,2025M11,8,Sant Cugat del Vallès
0820501014,0,0,0.0,0.0,2025M11,8,Sant Cugat del Vallès
0820501011,1,4,4.0,0.13297872,2025M11,8,Sant Cugat del Vallès
0820501008,1,4,4.0,0.088809945,2025M11,8,Sant Cugat del Vallès
0820501010,0,0,0.0,0.0,2025M11,8,Sant Cugat del Vallès
0820501006,0,0,0.0,0.0,2025M11,8,Sant Cugat del Vallès
0820501013,0,0,0.0,0.0,2025M11,8,Sant Cugat del Vallès
0820501004,4,16,4.0,0.5174644,2025M11,8,Sant Cugat del Vallès
0820501005,1,4,4.0,0.14184397,2025M11,8,Sant Cugat del Vallès
0820501003,0,0,0.0,0.0,2025M11,8,Sant Cugat del Vallès
0820501007,1,4,4.0,0.23094688,2025M11,8,Sant Cugat del Vallès
0820501002,1,6,6.0,0.13192612,2025M11,8,Sant Cugat del Vallès
0820501009,2,10,5.0,0.34129694,2025M11,8,Sant Cugat del Vallès
0820501001,2,11,5.5,0.19512194,2025M11,8,Sant Cugat del Vallès
0820601001,1,13,13.0,0.2375297,2025M11,8,Sant Cugat Sesgarrigues
0820701001,1,5,5.0,0.07836991,2025M11,8,Sant Esteve de Palautordera
0820701002,2,10,5.0,0.0,2025M11,8,Sant Esteve de Palautordera
0820801003,2,12,6.0,0.35273367,2025M11,8,Sant Esteve Sesrovires
0820801002,0,0,0.0,0.0,2025M11,8,Sant Esteve Sesrovires
0820801005,1,4,4.0,0.1577287,2025M11,8,Sant Esteve Sesrovires
0820801001,0,0,0.0,0.0,2025M11,8,Sant Esteve Sesrovires
0820801004,4,22,5.5,0.7889546,2025M11,8,Sant Esteve Sesrovires
0820901004,6,27,4.5,0.6128703,2025M11,8,Sant Fost de Campsentelles
0820901002,1,4,4.0,0.119474314,2025M11,8,Sant Fost de Campsentelles
0820901001,2,8,4.0,0.2670227,2025M11,8,Sant Fost de Campsentelles
0820901003,19,73,3.8421052,2.2041764,2025M11,8,Sant Fost de Campsentelles
0821002002,1,16,16.0,0.17271157,2025M11,8,Sant Feliu de Codines
0821002001,4,25,6.25,0.5277045,2025M11,8,Sant Feliu de Codines
0821001001,1,10,10.0,0.11737089,2025M11,8,Sant Feliu de Codines
0821001002,1,6,6.0,0.0923361,2025M11,8,Sant Feliu de Codines
0821107002,0,0,0.0,0.0,2025M11,8,Sant Feliu de Llobregat
0821106004,1,5,5.0,0.21276596,2025M11,8,Sant Feliu de Llobregat
0821107003,0,0,0.0,0.0,2025M11,8,Sant Feliu de Llobregat
0821105004,0,0,0.0,0.0,2025M11,8,Sant Feliu de Llobregat
0821105002,0,0,0.0,0.0,2025M11,8,Sant Feliu de Llobregat
0821105001,0,0,0.0,0.0,2025M11,8,Sant Feliu de Llobregat
0821104008,0,0,0.0,0.0,2025M11,8,Sant Feliu de Llobregat
0821101005,0,0,0.0,0.0,2025M11,8,Sant Feliu de Llobregat
0821103005,0,0,0.0,0.0,2025M11,8,Sant Feliu de Llobregat
0821104007,0,0,0.0,0.0,2025M11,8,Sant Feliu de Llobregat
0821101006,0,0,0.0,0.0,2025M11,8,Sant Feliu de Llobregat
0821101007,3,4,1.3333334,0.39370078,2025M11,8,Sant Feliu de Llobregat
0821103003,0,0,0.0,0.0,2025M11,8,Sant Feliu de Llobregat
0821101008,1,4,4.0,0.0,2025M11,8,Sant Feliu de Llobregat
0821103001,0,0,0.0,0.0,2025M11,8,Sant Feliu de Llobregat
0821105003,0,0,0.0,0.0,2025M11,8,Sant Feliu de Llobregat
0821107001,0,0,0.0,0.0,2025M11,8,Sant Feliu de Llobregat
0821105005,0,0,0.0,0.0,2025M11,8,Sant Feliu de Llobregat
0821102004,2,11,5.5,0.3327787,2025M11,8,Sant Feliu de Llobregat
0821102003,0,0,0.0,0.0,2025M11,8,Sant Feliu de Llobregat
0821102006,0,0,0.0,0.0,2025M11,8,Sant Feliu de Llobregat
0821102007,0,0,0.0,0.0,2025M11,8,Sant Feliu de Llobregat
0821102008,0,0,0.0,0.0,2025M11,8,Sant Feliu de Llobregat
0821104006,0,0,0.0,0.0,2025M11,8,Sant Feliu de Llobregat
0821103004,0,0,0.0,0.0,2025M11,8,Sant Feliu de Llobregat
0821104003,0,0,0.0,0.0,2025M11,8,Sant Feliu de Llobregat
0821101003,0,0,0.0,0.0,2025M11,8,Sant Feliu de Llobregat
0821101002,2,6,3.0,0.34602076,2025M11,8,Sant Feliu de Llobregat
0821101001,1,4,4.0,0.11600928,2025M11,8,Sant Feliu de Llobregat
0821103002,1,3,3.0,0.09328358,2025M11,8,Sant Feliu de Llobregat
0821101004,0,0,0.0,0.0,2025M11,8,Sant Feliu de Llobregat
0821201001,3,25,8.333333,0.795756,2025M11,8,Sant Feliu Sasserra
0821301006,0,0,0.0,0.0,2025M11,8,Sant Fruitós de Bages
0821301003,0,0,0.0,0.0,2025M11,8,Sant Fruitós de Bages
0821301002,1,4,4.0,0.1669449,2025M11,8,Sant Fruitós de Bages
0821301005,0,0,0.0,0.0,2025M11,8,Sant Fruitós de Bages
0821301001,0,0,0.0,0.0,2025M11,8,Sant Fruitós de Bages
0821301004,0,0,0.0,0.0,2025M11,8,Sant Fruitós de Bages
0821401002,2,9,4.5,0.44444445,2025M11,8,Vilassar de Dalt
0821402002,4,16,4.0,0.6329114,2025M11,8,Vilassar de Dalt
0821402001,9,45,5.0,0.89641434,2025M11,8,Vilassar de Dalt
0821401003,0,0,0.0,0.0,2025M11,8,Vilassar de Dalt
0821401004,0,0,0.0,0.0,2025M11,8,Vilassar de Dalt
0821401001,3,16,5.3333335,0.4680187,2025M11,8,Vilassar de Dalt
0821501003,0,0,0.0,0.0,2025M11,8,Sant Hipòlit de Voltregà
0821501002,0,0,0.0,0.0,2025M11,8,Sant Hipòlit de Voltregà
0821501001,0,0,0.0,0.0,2025M11,8,Sant Hipòlit de Voltregà
0821601001,0,0,0.0,0.0,2025M11,8,Sant Jaume de Frontanyà
0821701010,0,0,0.0,0.0,2025M11,8,Sant Joan Despí
0821701011,0,0,0.0,0.0,2025M11,8,Sant Joan Despí
0821702002,1,2,2.0,0.089365505,2025M11,8,Sant Joan Despí
0821702003,2,8,4.0,0.63897765,2025M11,8,Sant Joan Despí
0821702004,3,12,4.0,0.51903117,2025M11,8,Sant Joan Despí
0821703003,0,0,0.0,0.0,2025M11,8,Sant Joan Despí
0821703004,0,0,0.0,0.0,2025M11,8,Sant Joan Despí
0821704001,0,0,0.0,0.0,2025M11,8,Sant Joan Despí
0821704002,1,17,17.0,0.0,2025M11,8,Sant Joan Despí
0821703001,1,4,4.0,0.17921147,2025M11,8,Sant Joan Despí
0821703002,0,0,0.0,0.0,2025M11,8,Sant Joan Despí
0821706001,0,0,0.0,0.0,2025M11,8,Sant Joan Despí
0821705001,0,0,0.0,0.0,2025M11,8,Sant Joan Despí
0821705002,0,0,0.0,0.0,2025M11,8,Sant Joan Despí
0821703005,1,4,4.0,0.2096436,2025M11,8,Sant Joan Despí
0821701002,2,8,4.0,0.43196544,2025M11,8,Sant Joan Despí
0821701009,0,0,0.0,0.0,2025M11,8,Sant Joan Despí
0821701006,0,0,0.0,0.0,2025M11,8,Sant Joan Despí
0821701007,0,0,0.0,0.0,2025M11,8,Sant Joan Despí
0821701008,1,4,4.0,0.15873016,2025M11,8,Sant Joan Despí
0821701004,0,0,0.0,0.0,2025M11,8,Sant Joan Despí
0821701005,0,0,0.0,0.0,2025M11,8,Sant Joan Despí
0821701001,2,8,4.0,0.29027575,2025M11,8,Sant Joan Despí
0821701003,0,0,0.0,0.0,2025M11,8,Sant Joan Despí
0821801001,0,0,0.0,0.0,2025M11,8,Sant Joan de Vilatorrada
0821801003,1,4,4.0,0.10111223,2025M11,8,Sant Joan de Vilatorrada
0821801006,1,4,4.0,0.10460251,2025M11,8,Sant Joan de Vilatorrada
0821801002,0,0,0.0,0.0,2025M11,8,Sant Joan de Vilatorrada
0821801005,0,0,0.0,0.0,2025M11,8,Sant Joan de Vilatorrada
0821903003,1,7,7.0,0.23148148,2025M11,8,Vilassar de Mar
0821903002,1,7,7.0,0.2053388,2025M11,8,Vilassar de Mar
0821901004,1,4,4.0,0.10881393,2025M11,8,Vilassar de Mar
0821902004,2,8,4.0,0.23121387,2025M11,8,Vilassar de Mar
0821902002,8,45,5.625,1.1428572,2025M11,8,Vilassar de Mar
0821902001,15,85,5.6666665,2.3219814,2025M11,8,Vilassar de Mar
0821901006,1,5,5.0,0.16806723,2025M11,8,Vilassar de Mar
0821902003,9,37,4.111111,1.2968299,2025M11,8,Vilassar de Mar
0821902005,1,4,4.0,0.17761989,2025M11,8,Vilassar de Mar
0821901005,1,6,6.0,0.15037595,2025M11,8,Vilassar de Mar
0821903001,5,32,6.4,0.73313785,2025M11,8,Vilassar de Mar
0821901003,4,23,5.75,0.35429585,2025M11,8,Vilassar de Mar
0821901002,7,41,5.857143,0.7936508,2025M11,8,Vilassar de Mar
0821901001,8,37,4.625,1.4814814,2025M11,8,Vilassar de Mar
0821903004,2,12,6.0,0.5167959,2025M11,8,Vilassar de Mar
0822001002,4,58,14.5,0.62992126,2025M11,8,Sant Julià de Vilatorta
0822001001,0,0,0.0,0.0,2025M11,8,Sant Julià de Vilatorta
0822101008,2,10,5.0,0.3007519,2025M11,8,Sant Just Desvern
0822101010,0,0,0.0,0.0,2025M11,8,Sant Just Desvern
0822101009,2,8,4.0,0.51150894,2025M11,8,Sant Just Desvern
0822101006,3,11,3.6666667,0.31347963,2025M11,8,Sant Just Desvern
0822101007,3,14,4.6666665,0.397351,2025M11,8,Sant Just Desvern
0822101004,3,14,4.6666665,0.40160644,2025M11,8,Sant Just Desvern
0822101003,3,13,4.3333335,0.27598897,2025M11,8,Sant Just Desvern
0822101002,0,0,0.0,0.0,2025M11,8,Sant Just Desvern
0822101001,3,16,5.3333335,0.5226481,2025M11,8,Sant Just Desvern
0822101005,3,31,10.333333,0.3911343,2025M11,8,Sant Just Desvern
0822201001,1,6,6.0,0.08143322,2025M11,8,Sant Llorenç d'Hortons
0822301001,3,41,13.666667,0.21961933,2025M11,8,Sant Llorenç Savall
0822401001,1,5,5.0,0.1618123,2025M11,8,Sant Martí de Centelles
0822501001,1,6,6.0,1.369863,2025M11,8,Sant Martí d'Albars
0822601001,4,19,4.75,0.6722689,2025M11,8,Sant Martí de Tous
0822701002,19,202,10.631579,3.0206678,2025M11,8,Sant Martí Sarroca
0822701001,1,13,13.0,0.09578544,2025M11,8,Sant Martí Sarroca
0822801001,0,0,0.0,0.0,2025M11,8,Sant Martí Sesgueioles
0822901001,3,29,9.666667,0.795756,2025M11,8,Sant Mateu de Bages
0823001006,2,18,9.0,0.33840948,2025M11,8,Premià de Dalt
0823001005,1,3,3.0,0.2610966,2025M11,8,Premià de Dalt
0823001003,0,0,0.0,0.0,2025M11,8,Premià de Dalt
0823001001,11,79,7.181818,0.94582975,2025M11,8,Premià de Dalt
0823001002,4,21,5.25,0.5398111,2025M11,8,Premià de Dalt
0823001004,11,55,5.0,1.4511874,2025M11,8,Premià de Dalt
0823101007,2,10,5.0,0.23952095,2025M11,8,Sant Pere de Ribes
0823101017,4,54,13.5,0.35714287,2025M11,8,Sant Pere de Ribes
0823101016,2,11,5.5,0.29985008,2025M11,8,Sant Pere de Ribes
0823101015,19,103,5.4210525,1.7975402,2025M11,8,Sant Pere de Ribes
0823101014,30,154,5.133333,3.3296337,2025M11,8,Sant Pere de Ribes
0823101013,12,74,6.1666665,1.5056462,2025M11,8,Sant Pere de Ribes
0823101012,34,280,8.235294,3.3464568,2025M11,8,Sant Pere de Ribes
0823101010,0,0,0.0,0.0,2025M11,8,Sant Pere de Ribes
0823101009,11,62,5.6363635,0.81541884,2025M11,8,Sant Pere de Ribes
0823101008,4,23,5.75,0.62305295,2025M11,8,Sant Pere de Ribes
0823101011,0,0,0.0,0.0,2025M11,8,Sant Pere de Ribes
0823101002,5,36,7.2,0.74294204,2025M11,8,Sant Pere de Ribes
0823101003,3,14,4.6666665,0.31779662,2025M11,8,Sant Pere de Ribes
0823101005,0,0,0.0,0.0,2025M11,8,Sant Pere de Ribes
0823101006,0,0,0.0,0.0,2025M11,8,Sant Pere de Ribes
0823101004,0,0,0.0,0.0,2025M11,8,Sant Pere de Ribes
0823101001,11,87,7.909091,2.2132797,2025M11,8,Sant Pere de Ribes
0823201001,0,0,0.0,0.0,2025M11,8,Sant Pere de Riudebitlles
0823301002,6,46,7.6666665,0.9771987,2025M11,8,Sant Pere de Torelló
0823301001,1,4,4.0,0.17921147,2025M11,8,Sant Pere de Torelló
0823401003,3,26,8.666667,0.29615006,2025M11,8,Sant Pere de Vilamajor
0823401002,2,28,14.0,0.270636,2025M11,8,Sant Pere de Vilamajor
0823401001,6,73,12.166667,0.9230769,2025M11,8,Sant Pere de Vilamajor
0823501003,20,113,5.65,1.6194332,2025M11,8,Sant Pol de Mar
0823501001,24,141,5.875,2.2058823,2025M11,8,Sant Pol de Mar
0823501002,57,320,5.614035,3.6515055,2025M11,8,Sant Pol de Mar
0823601001,7,48,6.857143,0.567721,2025M11,8,Sant Quintí de Mediona
0823701002,4,19,4.75,0.84388185,2025M11,8,Sant Quirze de Besora
0823701001,1,3,3.0,0.15898252,2025M11,8,Sant Quirze de Besora
0823801012,0,0,0.0,0.0,2025M11,8,Sant Quirze del Vallès
0823801011,0,0,0.0,0.0,2025M11,8,Sant Quirze del Vallès
0823801009,1,8,8.0,0.17761989,2025M11,8,Sant Quirze del Vallès
0823801008,0,0,0.0,0.0,2025M11,8,Sant Quirze del Vallès
0823801007,0,0,0.0,0.0,2025M11,8,Sant Quirze del Vallès
0823801010,0,0,0.0,0.0,2025M11,8,Sant Quirze del Vallès
0823801006,1,4,4.0,0.16528925,2025M11,8,Sant Quirze del Vallès
0823801005,2,8,4.0,0.2857143,2025M11,8,Sant Quirze del Vallès
0823801004,0,0,0.0,0.0,2025M11,8,Sant Quirze del Vallès
0823801003,0,0,0.0,0.0,2025M11,8,Sant Quirze del Vallès
0823801002,0,0,0.0,0.0,2025M11,8,Sant Quirze del Vallès
0823801001,0,0,0.0,0.0,2025M11,8,Sant Quirze del Vallès
0823901001,5,30,6.0,1.0438414,2025M11,8,Sant Quirze Safaja
0824002004,1,3,3.0,0.09569378,2025M11,8,Sant Sadurní d'Anoia
0824002003,0,0,0.0,0.0,2025M11,8,Sant Sadurní d'Anoia
0824002002,1,4,4.0,0.11248594,2025M11,8,Sant Sadurní d'Anoia
0824002001,1,6,6.0,0.15974441,2025M11,8,Sant Sadurní d'Anoia
0824001004,0,0,0.0,0.0,2025M11,8,Sant Sadurní d'Anoia
0824001003,0,0,0.0,0.0,2025M11,8,Sant Sadurní d'Anoia
0824001002,0,0,0.0,0.0,2025M11,8,Sant Sadurní d'Anoia
0824001001,1,10,10.0,0.1572327,2025M11,8,Sant Sadurní d'Anoia
0824101001,1,4,4.0,0.8064516,2025M11,8,Sant Sadurní d'Osormort
0824201001,3,17,5.6666665,1.1235955,2025M11,8,Marganell
0824301001,1,11,11.0,1.4084507,2025M11,8,Santa Cecília de Voltregà
0824401005,0,0,0.0,0.0,2025M11,8,Santa Coloma de Cervelló
0824401004,0,0,0.0,0.0,2025M11,8,Santa Coloma de Cervelló
0824401003,3,14,4.6666665,0.33039647,2025M11,8,Santa Coloma de Cervelló
0824401002,0,0,0.0,0.0,2025M11,8,Santa Coloma de Cervelló
0824401001,0,0,0.0,0.0,2025M11,8,Santa Coloma de Cervelló
0824506012,0,0,0.0,0.0,2025M11,8,Santa Coloma de Gramenet
0824506011,1,4,4.0,0.15455951,2025M11,8,Santa Coloma de Gramenet
0824506009,0,0,0.0,0.0,2025M11,8,Santa Coloma de Gramenet
0824506005,0,0,0.0,0.0,2025M11,8,Santa Coloma de Gramenet
0824506003,0,0,0.0,0.0,2025M11,8,Santa Coloma de Gramenet
0824505019,3,12,4.0,0.466563,2025M11,8,Santa Coloma de Gramenet
0824506004,0,0,0.0,0.0,2025M11,8,Santa Coloma de Gramenet
0824505018,1,4,4.0,0.2004008,2025M11,8,Santa Coloma de Gramenet
0824506002,0,0,0.0,0.0,2025M11,8,Santa Coloma de Gramenet
0824505014,6,24,4.0,0.94043887,2025M11,8,Santa Coloma de Gramenet
0824505016,0,0,0.0,0.0,2025M11,8,Santa Coloma de Gramenet
0824505012,1,14,14.0,0.18083182,2025M11,8,Santa Coloma de Gramenet
0824505011,1,6,6.0,0.11074197,2025M11,8,Santa Coloma de Gramenet
0824505009,1,4,4.0,0.20790021,2025M11,8,Santa Coloma de Gramenet
0824505007,2,8,4.0,0.4683841,2025M11,8,Santa Coloma de Gramenet
0824505008,1,4,4.0,0.27855152,2025M11,8,Santa Coloma de Gramenet
0824505003,1,2,2.0,0.23255815,2025M11,8,Santa Coloma de Gramenet
0824505006,1,1,1.0,0.23640662,2025M11,8,Santa Coloma de Gramenet
0824505001,1,4,4.0,0.24509804,2025M11,8,Santa Coloma de Gramenet
0824505004,1,4,4.0,0.29411766,2025M11,8,Santa Coloma de Gramenet
0824504016,0,0,0.0,0.0,2025M11,8,Santa Coloma de Gramenet
0824505013,3,10,3.3333333,0.33707866,2025M11,8,Santa Coloma de Gramenet
0824504015,0,0,0.0,0.0,2025M11,8,Santa Coloma de Gramenet
0824505002,0,0,0.0,0.0,2025M11,8,Santa Coloma de Gramenet
0824504013,0,0,0.0,0.0,2025M11,8,Santa Coloma de Gramenet
0824504012,1,4,4.0,0.22779043,2025M11,8,Santa Coloma de Gramenet
0824504010,1,4,4.0,0.18975332,2025M11,8,Santa Coloma de Gramenet
0824504009,0,0,0.0,0.0,2025M11,8,Santa Coloma de Gramenet
0824502009,0,0,0.0,0.0,2025M11,8,Santa Coloma de Gramenet
0824502010,0,0,0.0,0.0,2025M11,8,Santa Coloma de Gramenet
0824504007,0,0,0.0,0.0,2025M11,8,Santa Coloma de Gramenet
0824504004,0,0,0.0,0.0,2025M11,8,Santa Coloma de Gramenet
0824504001,0,0,0.0,0.0,2025M11,8,Santa Coloma de Gramenet
0824504003,0,0,0.0,0.0,2025M11,8,Santa Coloma de Gramenet
0824504002,0,0,0.0,0.0,2025M11,8,Santa Coloma de Gramenet
0824503017,0,0,0.0,0.0,2025M11,8,Santa Coloma de Gramenet
0824503016,0,0,0.0,0.0,2025M11,8,Santa Coloma de Gramenet
0824503003,0,0,0.0,0.0,2025M11,8,Santa Coloma de Gramenet
0824503001,0,0,0.0,0.0,2025M11,8,Santa Coloma de Gramenet
0824504006,0,0,0.0,0.0,2025M11,8,Santa Coloma de Gramenet
0824503006,0,0,0.0,0.0,2025M11,8,Santa Coloma de Gramenet
0824503014,0,0,0.0,0.0,2025M11,8,Santa Coloma de Gramenet
0824503015,0,0,0.0,0.0,2025M11,8,Santa Coloma de Gramenet
0824503013,2,8,4.0,0.28735632,2025M11,8,Santa Coloma de Gramenet
0824503009,2,6,3.0,0.265252,2025M11,8,Santa Coloma de Gramenet
0824503007,0,0,0.0,0.0,2025M11,8,Santa Coloma de Gramenet
0824503008,0,0,0.0,0.0,2025M11,8,Santa Coloma de Gramenet
0824504014,0,0,0.0,0.0,2025M11,8,Santa Coloma de Gramenet
0824503011,0,0,0.0,0.0,2025M11,8,Santa Coloma de Gramenet
0824503010,0,0,0.0,0.0,2025M11,8,Santa Coloma de Gramenet
0824503005,0,0,0.0,0.0,2025M11,8,Santa Coloma de Gramenet
0824503012,0,0,0.0,0.0,2025M11,8,Santa Coloma de Gramenet
0824503004,0,0,0.0,0.0,2025M11,8,Santa Coloma de Gramenet
0824503002,0,0,0.0,0.0,2025M11,8,Santa Coloma de Gramenet
0824502011,2,2,1.0,0.35906643,2025M11,8,Santa Coloma de Gramenet
0824505005,1,4,4.0,0.1923077,2025M11,8,Santa Coloma de Gramenet
0824504011,0,0,0.0,0.0,2025M11,8,Santa Coloma de Gramenet
0824504008,0,0,0.0,0.0,2025M11,8,Santa Coloma de Gramenet
0824502008,0,0,0.0,0.0,2025M11,8,Santa Coloma de Gramenet
0824502005,0,0,0.0,0.0,2025M11,8,Santa Coloma de Gramenet
0824502004,0,0,0.0,0.0,2025M11,8,Santa Coloma de Gramenet
0824502007,0,0,0.0,0.0,2025M11,8,Santa Coloma de Gramenet
0824502006,0,0,0.0,0.0,2025M11,8,Santa Coloma de Gramenet
0824505015,4,16,4.0,0.6589786,2025M11,8,Santa Coloma de Gramenet
0824502002,1,4,4.0,0.14556041,2025M11,8,Santa Coloma de Gramenet
0824502001,0,0,0.0,0.0,2025M11,8,Santa Coloma de Gramenet
0824501019,1,4,4.0,0.15128593,2025M11,8,Santa Coloma de Gramenet
0824502003,1,4,4.0,0.14619882,2025M11,8,Santa Coloma de Gramenet
0824501018,0,0,0.0,0.0,2025M11,8,Santa Coloma de Gramenet
0824501016,4,16,4.0,0.9852217,2025M11,8,Santa Coloma de Gramenet
0824501017,0,0,0.0,0.0,2025M11,8,Santa Coloma de Gramenet
0824501015,1,4,4.0,0.25188917,2025M11,8,Santa Coloma de Gramenet
0824504005,1,4,4.0,0.20449898,2025M11,8,Santa Coloma de Gramenet
0824501014,2,8,4.0,0.41841003,2025M11,8,Santa Coloma de Gramenet
0824506008,1,3,3.0,0.09891197,2025M11,8,Santa Coloma de Gramenet
0824506014,5,11,2.2,0.575374,2025M11,8,Santa Coloma de Gramenet
0824501013,1,8,8.0,0.11737089,2025M11,8,Santa Coloma de Gramenet
0824501012,1,4,4.0,0.27855152,2025M11,8,Santa Coloma de Gramenet
0824501011,1,1,1.0,0.21097046,2025M11,8,Santa Coloma de Gramenet
0824501010,0,0,0.0,0.0,2025M11,8,Santa Coloma de Gramenet
0824501009,2,3,1.5,0.36563072,2025M11,8,Santa Coloma de Gramenet
0824501007,1,4,4.0,0.16977929,2025M11,8,Santa Coloma de Gramenet
0824501006,1,4,4.0,0.28011206,2025M11,8,Santa Coloma de Gramenet
0824501005,1,4,4.0,0.2624672,2025M11,8,Santa Coloma de Gramenet
0824501003,0,0,0.0,0.0,2025M11,8,Santa Coloma de Gramenet
0824501004,0,0,0.0,0.0,2025M11,8,Santa Coloma de Gramenet
0824501002,0,0,0.0,0.0,2025M11,8,Santa Coloma de Gramenet
0824501001,2,8,4.0,0.36563072,2025M11,8,Santa Coloma de Gramenet
0824601001,0,0,0.0,0.0,2025M11,8,Santa Eugènia de Berga
0824701001,3,8,2.6666667,0.53097343,2025M11,8,Santa Eulàlia de Riuprimer
0824801004,2,14,7.0,0.0,2025M11,8,Santa Eulàlia de Ronçana
0824801003,2,23,11.5,0.0,2025M11,8,Santa Eulàlia de Ronçana
0824801002,5,16,3.2,0.310559,2025M11,8,Santa Eulàlia de Ronçana
0824801001,2,24,12.0,0.12437811,2025M11,8,Santa Eulàlia de Ronçana
0824901001,0,0,0.0,0.0,2025M11,8,Santa Fe del Penedès
0825001007,0,0,0.0,0.0,2025M11,8,Santa Margarida de Montbui
0825001006,0,0,0.0,0.0,2025M11,8,Santa Margarida de Montbui
0825001005,0,0,0.0,0.0,2025M11,8,Santa Margarida de Montbui
0825001001,2,15,7.5,0.42643923,2025M11,8,Santa Margarida de Montbui
0825001004,0,0,0.0,0.0,2025M11,8,Santa Margarida de Montbui
0825001002,0,0,0.0,0.0,2025M11,8,Santa Margarida de Montbui
0825001003,0,0,0.0,0.0,2025M11,8,Santa Margarida de Montbui
0825101004,0,0,0.0,0.0,2025M11,8,Santa Margarida i els Monjos
0825101003,0,0,0.0,0.0,2025M11,8,Santa Margarida i els Monjos
0825101002,0,0,0.0,0.0,2025M11,8,Santa Margarida i els Monjos
0825101001,0,0,0.0,0.0,2025M11,8,Santa Margarida i els Monjos
0825201028,0,0,0.0,0.0,2025M11,8,Barberà del Vallès
0825201029,0,0,0.0,0.0,2025M11,8,Barberà del Vallès
0825201027,0,0,0.0,0.0,2025M11,8,Barberà del Vallès
0825201026,0,0,0.0,0.0,2025M11,8,Barberà del Vallès
0825201025,2,8,4.0,0.46403712,2025M11,8,Barberà del Vallès
0825201024,0,0,0.0,0.0,2025M11,8,Barberà del Vallès
0825201023,1,4,4.0,0.32258064,2025M11,8,Barberà del Vallès
0825201022,0,0,0.0,0.0,2025M11,8,Barberà del Vallès
0825201021,0,0,0.0,0.0,2025M11,8,Barberà del Vallès
0825201020,0,0,0.0,0.0,2025M11,8,Barberà del Vallès
0825201018,0,0,0.0,0.0,2025M11,8,Barberà del Vallès
0825201009,0,0,0.0,0.0,2025M11,8,Barberà del Vallès
0825201007,2,8,4.0,0.52910054,2025M11,8,Barberà del Vallès
0825201004,0,0,0.0,0.0,2025M11,8,Barberà del Vallès
0825201011,1,4,4.0,0.15503876,2025M11,8,Barberà del Vallès
0825201003,0,0,0.0,0.0,2025M11,8,Barberà del Vallès
0825201005,1,4,4.0,0.17123288,2025M11,8,Barberà del Vallès
0825201006,0,0,0.0,0.0,2025M11,8,Barberà del Vallès
0825201001,1,4,4.0,0.09174312,2025M11,8,Barberà del Vallès
0825201010,1,4,4.0,0.17482518,2025M11,8,Barberà del Vallès
0825201008,1,7,7.0,0.17452008,2025M11,8,Barberà del Vallès
0825201002,0,0,0.0,0.0,2025M11,8,Barberà del Vallès
0825201019,1,7,7.0,0.15060242,2025M11,8,Barberà del Vallès
0825301001,5,51,10.2,4.587156,2025M11,8,Santa Maria de Besora
0825401001,10,53,5.3,0.8196721,2025M11,8,"Esquirol, L'"
0825501001,0,0,0.0,0.0,2025M11,8,Santa Maria de Merlès
0825601001,0,0,0.0,0.0,2025M11,8,Santa Maria de Martorelles
0825701001,2,32,16.0,1.9047619,2025M11,8,Santa Maria de Miralles
0825801001,2,20,10.0,0.2886003,2025M11,8,Santa Maria d'Oló
0825901003,0,0,0.0,0.0,2025M11,8,Santa Maria de Palautordera
0825901004,0,0,0.0,0.0,2025M11,8,Santa Maria de Palautordera
0825901002,5,42,8.4,0.46860355,2025M11,8,Santa Maria de Palautordera
0825901001,0,0,0.0,0.0,2025M11,8,Santa Maria de Palautordera
0826001016,0,0,0.0,0.0,2025M11,8,Santa Perpètua de Mogoda
0826001015,0,0,0.0,0.0,2025M11,8,Santa Perpètua de Mogoda
0826001013,0,0,0.0,0.0,2025M11,8,Santa Perpètua de Mogoda
0826001012,0,0,0.0,0.0,2025M11,8,Santa Perpètua de Mogoda
0826001009,0,0,0.0,0.0,2025M11,8,Santa Perpètua de Mogoda
0826001001,0,0,0.0,0.0,2025M11,8,Santa Perpètua de Mogoda
0826001010,0,0,0.0,0.0,2025M11,8,Santa Perpètua de Mogoda
0826001007,0,0,0.0,0.0,2025M11,8,Santa Perpètua de Mogoda
0826001006,0,0,0.0,0.0,2025M11,8,Santa Perpètua de Mogoda
0826001005,0,0,0.0,0.0,2025M11,8,Santa Perpètua de Mogoda
0826001004,0,0,0.0,0.0,2025M11,8,Santa Perpètua de Mogoda
0826001003,0,0,0.0,0.0,2025M11,8,Santa Perpètua de Mogoda
0826001002,0,0,0.0,0.0,2025M11,8,Santa Perpètua de Mogoda
0826001011,0,0,0.0,0.0,2025M11,8,Santa Perpètua de Mogoda
0826001014,0,0,0.0,0.0,2025M11,8,Santa Perpètua de Mogoda
0826001008,0,0,0.0,0.0,2025M11,8,Santa Perpètua de Mogoda
0826101001,17,80,4.7058825,1.584343,2025M11,8,Santa Susanna
0826101002,67,448,6.6865673,5.8159723,2025M11,8,Santa Susanna
0826202002,2,11,5.5,0.24390244,2025M11,8,Sant Vicenç de Castellet
0826201002,1,2,2.0,0.12987013,2025M11,8,Sant Vicenç de Castellet
0826202001,0,0,0.0,0.0,2025M11,8,Sant Vicenç de Castellet
0826201003,1,3,3.0,0.10729614,2025M11,8,Sant Vicenç de Castellet
0826201001,0,0,0.0,0.0,2025M11,8,Sant Vicenç de Castellet
0826304003,1,5,5.0,0.15974441,2025M11,8,Sant Vicenç dels Horts
0826304001,0,0,0.0,0.0,2025M11,8,Sant Vicenç dels Horts
0826303002,1,4,4.0,0.1396648,2025M11,8,Sant Vicenç dels Horts
0826303001,0,0,0.0,0.0,2025M11,8,Sant Vicenç dels Horts
0826302003,0,0,0.0,0.0,2025M11,8,Sant Vicenç dels Horts
0826304002,0,0,0.0,0.0,2025M11,8,Sant Vicenç dels Horts
0826301012,0,0,0.0,0.0,2025M11,8,Sant Vicenç dels Horts
0826302001,1,4,4.0,0.35714287,2025M11,8,Sant Vicenç dels Horts
0826301011,0,0,0.0,0.0,2025M11,8,Sant Vicenç dels Horts
0826302002,0,0,0.0,0.0,2025M11,8,Sant Vicenç dels Horts
0826301010,0,0,0.0,0.0,2025M11,8,Sant Vicenç dels Horts
0826301006,0,0,0.0,0.0,2025M11,8,Sant Vicenç dels Horts
0826301007,2,11,5.5,0.28612304,2025M11,8,Sant Vicenç dels Horts
0826301008,0,0,0.0,0.0,2025M11,8,Sant Vicenç dels Horts
0826301005,0,0,0.0,0.0,2025M11,8,Sant Vicenç dels Horts
0826301004,1,4,4.0,0.1303781,2025M11,8,Sant Vicenç dels Horts
0826301009,0,0,0.0,0.0,2025M11,8,Sant Vicenç dels Horts
0826301003,0,0,0.0,0.0,2025M11,8,Sant Vicenç dels Horts
0826301002,1,4,4.0,0.12077295,2025M11,8,Sant Vicenç dels Horts
0826301001,0,0,0.0,0.0,2025M11,8,Sant Vicenç dels Horts
0826401002,17,93,5.470588,1.1699932,2025M11,8,Sant Vicenç de Montalt
0826401004,16,99,6.1875,2.9038112,2025M11,8,Sant Vicenç de Montalt
0826401003,3,12,4.0,0.7692308,2025M11,8,Sant Vicenç de Montalt
0826401001,11,54,4.909091,0.90311986,2025M11,8,Sant Vicenç de Montalt
0826501001,0,0,0.0,0.0,2025M11,8,Sant Vicenç de Torelló
0826601040,6,27,4.5,1.119403,2025M11,8,Cerdanyola del Vallès
0826601031,0,0,0.0,0.0,2025M11,8,Cerdanyola del Vallès
0826601027,0,0,0.0,0.0,2025M11,8,Cerdanyola del Vallès
0826601034,0,0,0.0,0.0,2025M11,8,Cerdanyola del Vallès
0826601030,0,0,0.0,0.0,2025M11,8,Cerdanyola del Vallès
0826601032,2,8,4.0,0.58651024,2025M11,8,Cerdanyola del Vallès
0826601028,1,4,4.0,0.15360983,2025M11,8,Cerdanyola del Vallès
0826601037,1,4,4.0,0.16447368,2025M11,8,Cerdanyola del Vallès
0826601038,0,0,0.0,0.0,2025M11,8,Cerdanyola del Vallès
0826601018,1,4,4.0,0.1438849,2025M11,8,Cerdanyola del Vallès
0826601036,0,0,0.0,0.0,2025M11,8,Cerdanyola del Vallès
0826601017,0,0,0.0,0.0,2025M11,8,Cerdanyola del Vallès
0826601039,0,0,0.0,0.0,2025M11,8,Cerdanyola del Vallès
0826601035,0,0,0.0,0.0,2025M11,8,Cerdanyola del Vallès
0826601014,0,0,0.0,0.0,2025M11,8,Cerdanyola del Vallès
0826601012,0,0,0.0,0.0,2025M11,8,Cerdanyola del Vallès
0826601011,1,4,4.0,0.18867925,2025M11,8,Cerdanyola del Vallès
0826601033,0,0,0.0,0.0,2025M11,8,Cerdanyola del Vallès
0826601020,5,33,6.6,1.0309278,2025M11,8,Cerdanyola del Vallès
0826601010,0,0,0.0,0.0,2025M11,8,Cerdanyola del Vallès
0826601009,1,4,4.0,0.13157895,2025M11,8,Cerdanyola del Vallès
0826601007,0,0,0.0,0.0,2025M11,8,Cerdanyola del Vallès
0826601029,0,0,0.0,0.0,2025M11,8,Cerdanyola del Vallès
0826601006,5,20,4.0,0.73313785,2025M11,8,Cerdanyola del Vallès
0826601015,1,4,4.0,0.1283697,2025M11,8,Cerdanyola del Vallès
0826601008,0,0,0.0,0.0,2025M11,8,Cerdanyola del Vallès
0826601004,1,4,4.0,0.12771392,2025M11,8,Cerdanyola del Vallès
0826601003,0,0,0.0,0.0,2025M11,8,Cerdanyola del Vallès
0826601019,0,0,0.0,0.0,2025M11,8,Cerdanyola del Vallès
0826601016,0,0,0.0,0.0,2025M11,8,Cerdanyola del Vallès
0826601002,3,12,4.0,0.3030303,2025M11,8,Cerdanyola del Vallès
0826601005,1,4,4.0,0.21231422,2025M11,8,Cerdanyola del Vallès
0826601013,0,0,0.0,0.0,2025M11,8,Cerdanyola del Vallès
0826601001,5,20,4.0,0.47214353,2025M11,8,Cerdanyola del Vallès
0826701005,0,0,0.0,0.0,2025M11,8,Sentmenat
0826701003,0,0,0.0,0.0,2025M11,8,Sentmenat
0826701004,0,0,0.0,0.0,2025M11,8,Sentmenat
0826701001,3,22,7.3333335,0.34168565,2025M11,8,Sentmenat
0826701002,0,0,0.0,0.0,2025M11,8,Sentmenat
0826801001,26,138,5.3076925,3.8632987,2025M11,8,Cercs
0826901002,0,0,0.0,0.0,2025M11,8,Seva
0826901001,9,70,7.7777777,0.67618334,2025M11,8,Seva
0827002011,7,34,4.857143,0.8264463,2025M11,8,Sitges
0827002006,12,64,5.3333335,1.343785,2025M11,8,Sitges
0827002003,74,354,4.783784,5.4532056,2025M11,8,Sitges
0827002002,16,78,4.875,2.2408965,2025M11,8,Sitges
0827001006,8,57,7.125,0.0,2025M11,8,Sitges
0827001005,10,70,7.0,1.9305019,2025M11,8,Sitges
0827001002,89,491,5.516854,6.856703,2025M11,8,Sitges
0827001001,181,810,4.475138,11.528663,2025M11,8,Sitges
0827001003,64,420,6.5625,2.2130015,2025M11,8,Sitges
0827001004,49,210,4.285714,2.6344087,2025M11,8,Sitges
0827002001,101,443,4.3861384,5.7979336,2025M11,8,Sitges
0827002004,23,84,3.652174,2.366255,2025M11,8,Sitges
0827002005,7,46,6.571429,1.0130246,2025M11,8,Sitges
0827002007,92,447,4.8586955,7.295797,2025M11,8,Sitges
0827002010,49,404,8.244898,4.7992163,2025M11,8,Sitges
0827002009,16,124,7.75,1.0037642,2025M11,8,Sitges
0827101001,1,10,10.0,1.7241379,2025M11,8,Sobremunt
0827201001,0,0,0.0,0.0,2025M11,8,Sora
0827301003,5,36,7.2,1.1574074,2025M11,8,Subirats
0827301002,6,40,6.6666665,0.7633588,2025M11,8,Subirats
0827301001,9,79,8.777778,1.9480519,2025M11,8,Subirats
0827401005,0,0,0.0,0.0,2025M11,8,Súria
0827401004,0,0,0.0,0.0,2025M11,8,Súria
0827401002,0,0,0.0,0.0,2025M11,8,Súria
0827401001,0,0,0.0,0.0,2025M11,8,Súria
0827501001,0,0,0.0,0.0,2025M11,8,Tavèrnoles
0827601001,2,13,6.5,1.1049724,2025M11,8,Tagamanent
0827701001,1,10,10.0,0.40983605,2025M11,8,Talamanca
0827801003,1,9,9.0,0.16750419,2025M11,8,Taradell
0827801002,1,16,16.0,0.15313935,2025M11,8,Taradell
0827801004,0,0,0.0,0.0,2025M11,8,Taradell
0827801001,0,0,0.0,0.0,2025M11,8,Taradell
0827906005,4,12,3.0,0.53475934,2025M11,8,Terrassa
0827907001,0,0,0.0,0.0,2025M11,8,Terrassa
0827907003,1,6,6.0,0.15948963,2025M11,8,Terrassa
0827906032,0,0,0.0,0.0,2025M11,8,Terrassa
0827906025,2,6,3.0,0.23640662,2025M11,8,Terrassa
0827906028,0,0,0.0,0.0,2025M11,8,Terrassa
0827906023,0,0,0.0,0.0,2025M11,8,Terrassa
0827906026,0,0,0.0,0.0,2025M11,8,Terrassa
0827906020,1,4,4.0,0.12391574,2025M11,8,Terrassa
0827906018,0,0,0.0,0.0,2025M11,8,Terrassa
0827906014,0,0,0.0,0.0,2025M11,8,Terrassa
0827906024,2,4,2.0,0.20449898,2025M11,8,Terrassa
0827906013,0,0,0.0,0.0,2025M11,8,Terrassa
0827906012,0,0,0.0,0.0,2025M11,8,Terrassa
0827906016,1,4,4.0,0.14025246,2025M11,8,Terrassa
0827906010,0,0,0.0,0.0,2025M11,8,Terrassa
0827906008,1,7,7.0,0.08741259,2025M11,8,Terrassa
0827906011,0,0,0.0,0.0,2025M11,8,Terrassa
0827906009,0,0,0.0,0.0,2025M11,8,Terrassa
0827906031,0,0,0.0,0.0,2025M11,8,Terrassa
0827906003,0,0,0.0,0.0,2025M11,8,Terrassa
0827906006,1,6,6.0,0.15649453,2025M11,8,Terrassa
0827906001,0,0,0.0,0.0,2025M11,8,Terrassa
0827905031,0,0,0.0,0.0,2025M11,8,Terrassa
0827906002,3,15,5.0,0.37546933,2025M11,8,Terrassa
0827905032,0,0,0.0,0.0,2025M11,8,Terrassa
0827905028,0,0,0.0,0.0,2025M11,8,Terrassa
0827905027,0,0,0.0,0.0,2025M11,8,Terrassa
0827905030,0,0,0.0,0.0,2025M11,8,Terrassa
0827905019,0,0,0.0,0.0,2025M11,8,Terrassa
0827905026,0,0,0.0,0.0,2025M11,8,Terrassa
0827905021,0,0,0.0,0.0,2025M11,8,Terrassa
0827905023,1,2,2.0,0.11709602,2025M11,8,Terrassa
0827906027,0,0,0.0,0.0,2025M11,8,Terrassa
0827905025,0,0,0.0,0.0,2025M11,8,Terrassa
0827906029,0,0,0.0,0.0,2025M11,8,Terrassa
0827905017,3,13,4.3333335,0.37546933,2025M11,8,Terrassa
0827905016,0,0,0.0,0.0,2025M11,8,Terrassa
0827905015,0,0,0.0,0.0,2025M11,8,Terrassa
0827905014,2,9,4.5,0.20811655,2025M11,8,Terrassa
0827905013,0,0,0.0,0.0,2025M11,8,Terrassa
0827905012,0,0,0.0,0.0,2025M11,8,Terrassa
0827905010,0,0,0.0,0.0,2025M11,8,Terrassa
0827905008,1,2,2.0,0.108342364,2025M11,8,Terrassa
0827904003,4,16,4.0,0.5063291,2025M11,8,Terrassa
0827905007,1,5,5.0,0.16129032,2025M11,8,Terrassa
0827905004,1,5,5.0,0.12820512,2025M11,8,Terrassa
0827905001,1,6,6.0,0.10683761,2025M11,8,Terrassa
0827904006,0,0,0.0,0.0,2025M11,8,Terrassa
0827904025,0,0,0.0,0.0,2025M11,8,Terrassa
0827904009,0,0,0.0,0.0,2025M11,8,Terrassa
0827904022,0,0,0.0,0.0,2025M11,8,Terrassa
0827904010,0,0,0.0,0.0,2025M11,8,Terrassa
0827904012,0,0,0.0,0.0,2025M11,8,Terrassa
0827904023,0,0,0.0,0.0,2025M11,8,Terrassa
0827904021,1,1,1.0,0.2016129,2025M11,8,Terrassa
0827904019,0,0,0.0,0.0,2025M11,8,Terrassa
0827904015,5,20,4.0,0.7800312,2025M11,8,Terrassa
0827904020,0,0,0.0,0.0,2025M11,8,Terrassa
0827904018,0,0,0.0,0.0,2025M11,8,Terrassa
0827904017,2,12,6.0,0.2773925,2025M11,8,Terrassa
0827904014,2,5,2.5,0.30769232,2025M11,8,Terrassa
0827905011,2,4,2.0,0.24242423,2025M11,8,Terrassa
0827904013,0,0,0.0,0.0,2025M11,8,Terrassa
0827904024,2,8,4.0,0.19627085,2025M11,8,Terrassa
0827904026,3,13,4.3333335,0.35842294,2025M11,8,Terrassa
0827905002,0,0,0.0,0.0,2025M11,8,Terrassa
0827904016,2,4,2.0,0.3257329,2025M11,8,Terrassa
0827904007,0,0,0.0,0.0,2025M11,8,Terrassa
0827904008,0,0,0.0,0.0,2025M11,8,Terrassa
0827905003,0,0,0.0,0.0,2025M11,8,Terrassa
0827904005,4,11,2.75,0.4494382,2025M11,8,Terrassa
0827904004,0,0,0.0,0.0,2025M11,8,Terrassa
0827904002,0,0,0.0,0.0,2025M11,8,Terrassa
0827905006,2,7,3.5,0.19821605,2025M11,8,Terrassa
0827905009,0,0,0.0,0.0,2025M11,8,Terrassa
0827904001,0,0,0.0,0.0,2025M11,8,Terrassa
0827903020,3,14,4.6666665,0.3516999,2025M11,8,Terrassa
0827903018,0,0,0.0,0.0,2025M11,8,Terrassa
0827905005,0,0,0.0,0.0,2025M11,8,Terrassa
0827903019,0,0,0.0,0.0,2025M11,8,Terrassa
0827906030,0,0,0.0,0.0,2025M11,8,Terrassa
0827905018,0,0,0.0,0.0,2025M11,8,Terrassa
0827903017,0,0,0.0,0.0,2025M11,8,Terrassa
0827905024,4,16,4.0,0.61728394,2025M11,8,Terrassa
0827905022,0,0,0.0,0.0,2025M11,8,Terrassa
0827903016,0,0,0.0,0.0,2025M11,8,Terrassa
0827903007,3,10,3.3333333,0.2512563,2025M11,8,Terrassa
0827903015,0,0,0.0,0.0,2025M11,8,Terrassa
0827905020,0,0,0.0,0.0,2025M11,8,Terrassa
0827903006,3,9,3.0,0.28735632,2025M11,8,Terrassa
0827903014,1,6,6.0,0.13280213,2025M11,8,Terrassa
0827903004,0,0,0.0,0.0,2025M11,8,Terrassa
0827903005,3,7,2.3333333,0.216763,2025M11,8,Terrassa
0827903003,3,10,3.3333333,0.405954,2025M11,8,Terrassa
0827905029,0,0,0.0,0.0,2025M11,8,Terrassa
0827903008,0,0,0.0,0.0,2025M11,8,Terrassa
0827903001,0,0,0.0,0.0,2025M11,8,Terrassa
0827902017,0,0,0.0,0.0,2025M11,8,Terrassa
0827902014,0,0,0.0,0.0,2025M11,8,Terrassa
0827902016,1,6,6.0,0.09718173,2025M11,8,Terrassa
0827906004,0,0,0.0,0.0,2025M11,8,Terrassa
0827907004,1,21,21.0,0.11587486,2025M11,8,Terrassa
0827907005,0,0,0.0,0.0,2025M11,8,Terrassa
0827907002,0,0,0.0,0.0,2025M11,8,Terrassa
0827902015,0,0,0.0,0.0,2025M11,8,Terrassa
0827903002,1,3,3.0,0.13280213,2025M11,8,Terrassa
0827902012,1,1,1.0,0.16920474,2025M11,8,Terrassa
0827906033,0,0,0.0,0.0,2025M11,8,Terrassa
0827902011,0,0,0.0,0.0,2025M11,8,Terrassa
0827902009,0,0,0.0,0.0,2025M11,8,Terrassa
0827902003,3,12,4.0,0.44642857,2025M11,8,Terrassa
0827902005,6,16,2.6666667,1.0452962,2025M11,8,Terrassa
0827902008,0,0,0.0,0.0,2025M11,8,Terrassa
0827902006,3,11,3.6666667,0.5597015,2025M11,8,Terrassa
0827902001,1,4,4.0,0.125,2025M11,8,Terrassa
0827901025,2,4,2.0,0.0,2025M11,8,Terrassa
0827901023,1,4,4.0,0.15432099,2025M11,8,Terrassa
0827901022,0,0,0.0,0.0,2025M11,8,Terrassa
0827902004,1,4,4.0,0.17482518,2025M11,8,Terrassa
0827901024,6,22,3.6666667,1.5037594,2025M11,8,Terrassa
0827901020,1,7,7.0,0.13245033,2025M11,8,Terrassa
0827901019,2,9,4.5,0.22522523,2025M11,8,Terrassa
0827901021,0,0,0.0,0.0,2025M11,8,Terrassa
0827901018,1,4,4.0,0.36231884,2025M11,8,Terrassa
0827901016,2,5,2.5,0.1598721,2025M11,8,Terrassa
0827901015,2,12,6.0,0.32051283,2025M11,8,Terrassa
0827901014,1,4,4.0,0.093196645,2025M11,8,Terrassa
0827901017,2,6,3.0,0.17985612,2025M11,8,Terrassa
0827901013,0,0,0.0,0.0,2025M11,8,Terrassa
0827901012,0,0,0.0,0.0,2025M11,8,Terrassa
0827901011,0,0,0.0,0.0,2025M11,8,Terrassa
0827901008,1,4,4.0,0.07304602,2025M11,8,Terrassa
0827901009,6,33,5.5,0.96463025,2025M11,8,Terrassa
0827901010,4,12,3.0,0.6430868,2025M11,8,Terrassa
0827901007,3,8,2.6666667,0.29154518,2025M11,8,Terrassa
0827901006,2,8,4.0,0.27855152,2025M11,8,Terrassa
0827901005,5,22,4.4,0.75757575,2025M11,8,Terrassa
0827901004,8,36,4.5,0.7707129,2025M11,8,Terrassa
0827901002,4,13,3.25,0.5633803,2025M11,8,Terrassa
0827901001,2,9,4.5,0.22371365,2025M11,8,Terrassa
0828001001,1,3,3.0,0.5154639,2025M11,8,Tavertet
0828101001,6,32,5.3333335,0.61601645,2025M11,8,Teià
0828101003,9,78,8.666667,1.1904762,2025M11,8,Teià
0828101002,7,82,11.714286,0.7268951,2025M11,8,Teià
0828201002,2,15,7.5,0.24721879,2025M11,8,Tiana
0828201004,3,14,4.6666665,0.4360465,2025M11,8,Tiana
0828201001,4,19,4.75,0.3925417,2025M11,8,Tiana
0828201003,0,0,0.0,0.0,2025M11,8,Tiana
0828201005,2,17,8.5,0.40816328,2025M11,8,Tiana
0828301003,0,0,0.0,0.0,2025M11,8,Tona
0828301004,0,0,0.0,0.0,2025M11,8,Tona
0828301002,4,22,5.5,0.4474273,2025M11,8,Tona
0828301001,0,0,0.0,0.0,2025M11,8,Tona
0828402002,22,117,5.318182,0.9773434,2025M11,8,Tordera
0828402003,39,281,7.205128,1.9211823,2025M11,8,Tordera
0828402001,2,8,4.0,0.14285715,2025M11,8,Tordera
0828401004,0,0,0.0,0.0,2025M11,8,Tordera
0828401003,0,0,0.0,0.0,2025M11,8,Tordera
0828401002,1,12,12.0,0.12406948,2025M11,8,Tordera
0828401001,0,0,0.0,0.0,2025M11,8,Tordera
0828503003,0,0,0.0,0.0,2025M11,8,Torelló
0828503002,0,0,0.0,0.0,2025M11,8,Torelló
0828502002,0,0,0.0,0.0,2025M11,8,Torelló
0828501002,0,0,0.0,0.0,2025M11,8,Torelló
0828501004,1,2,2.0,0.10638298,2025M11,8,Torelló
0828501001,0,0,0.0,0.0,2025M11,8,Torelló
0828502001,2,4,2.0,0.19782394,2025M11,8,Torelló
0828503001,0,0,0.0,0.0,2025M11,8,Torelló
0828601002,6,48,8.0,0.47281325,2025M11,8,"Torre de Claramunt, La"
0828601001,2,8,4.0,0.1984127,2025M11,8,"Torre de Claramunt, La"
0828701001,2,22,11.0,0.270636,2025M11,8,Torrelavit
0828801001,14,89,6.357143,0.7616975,2025M11,8,Torrelles de Foix
0828901003,3,12,4.0,0.3537736,2025M11,8,Torrelles de Llobregat
0828901001,1,6,6.0,0.17391305,2025M11,8,Torrelles de Llobregat
0828901004,0,0,0.0,0.0,2025M11,8,Torrelles de Llobregat
0828901002,0,0,0.0,0.0,2025M11,8,Torrelles de Llobregat
0829001001,0,0,0.0,0.0,2025M11,8,Ullastrell
0829101004,3,19,6.3333335,0.44444445,2025M11,8,Vacarisses
0829101003,1,8,8.0,0.10070494,2025M11,8,Vacarisses
0829101002,2,8,4.0,0.1632653,2025M11,8,Vacarisses
0829101001,5,24,4.8,0.6142506,2025M11,8,Vacarisses
0829201001,1,4,4.0,0.14925373,2025M11,8,Vallbona d'Anoia
0829301001,9,61,6.7777777,3.4615386,2025M11,8,Vallcebre
0829401002,6,48,8.0,0.0,2025M11,8,Vallgorguina
0829401001,7,53,7.571429,0.42682928,2025M11,8,Vallgorguina
0829501010,1,6,6.0,0.15625,2025M11,8,Vallirana
0829501009,1,8,8.0,0.24570024,2025M11,8,Vallirana
0829501008,2,22,11.0,0.3478261,2025M11,8,Vallirana
0829501007,0,0,0.0,0.0,2025M11,8,Vallirana
0829501006,1,6,6.0,0.12224939,2025M11,8,Vallirana
0829501005,0,0,0.0,0.0,2025M11,8,Vallirana
0829501004,1,4,4.0,0.2617801,2025M11,8,Vallirana
0829501001,1,8,8.0,0.09737098,2025M11,8,Vallirana
0829501002,0,0,0.0,0.0,2025M11,8,Vallirana
0829501003,3,17,5.6666665,0.3952569,2025M11,8,Vallirana
0829601001,18,86,4.7777777,1.5557476,2025M11,8,Vallromanes
0829701001,0,0,0.0,0.0,2025M11,8,Veciana
0829804004,2,8,4.0,0.24183796,2025M11,8,Vic
0829804002,1,4,4.0,0.08673027,2025M11,8,Vic
0829804001,2,12,6.0,0.14981273,2025M11,8,Vic
0829805001,0,0,0.0,0.0,2025M11,8,Vic
0829803012,1,7,7.0,0.09009009,2025M11,8,Vic
0829803010,0,0,0.0,0.0,2025M11,8,Vic
0829803011,0,0,0.0,0.0,2025M11,8,Vic
0829803009,0,0,0.0,0.0,2025M11,8,Vic
0829803008,0,0,0.0,0.0,2025M11,8,Vic
0829803007,0,0,0.0,0.0,2025M11,8,Vic
0829803006,0,0,0.0,0.0,2025M11,8,Vic
0829803013,0,0,0.0,0.0,2025M11,8,Vic
0829803005,0,0,0.0,0.0,2025M11,8,Vic
0829804003,0,0,0.0,0.0,2025M11,8,Vic
0829803003,0,0,0.0,0.0,2025M11,8,Vic
0829803004,0,0,0.0,0.0,2025M11,8,Vic
0829803001,0,0,0.0,0.0,2025M11,8,Vic
0829802006,3,12,4.0,0.34052214,2025M11,8,Vic
0829802004,0,0,0.0,0.0,2025M11,8,Vic
0829802002,8,29,3.625,0.9389671,2025M11,8,Vic
0829802005,0,0,0.0,0.0,2025M11,8,Vic
0829802001,8,61,7.625,1.2048193,2025M11,8,Vic
0829801001,14,74,5.285714,1.0064702,2025M11,8,Vic
0829802003,1,4,4.0,0.09157509,2025M11,8,Vic
0829901001,0,0,0.0,0.0,2025M11,8,Vilada
0830001006,0,0,0.0,0.0,2025M11,8,Viladecavalls
0830001003,0,0,0.0,0.0,2025M11,8,Viladecavalls
0830001004,1,5,5.0,0.24630542,2025M11,8,Viladecavalls
0830001002,0,0,0.0,0.0,2025M11,8,Viladecavalls
0830001001,1,8,8.0,0.12150668,2025M11,8,Viladecavalls
0830102022,0,0,0.0,0.0,2025M11,8,Viladecans
0830102028,0,0,0.0,0.0,2025M11,8,Viladecans
0830102024,0,0,0.0,0.0,2025M11,8,Viladecans
0830102023,4,26,6.5,0.81466395,2025M11,8,Viladecans
0830102027,1,4,4.0,0.25974026,2025M11,8,Viladecans
0830102020,2,9,4.5,0.27816412,2025M11,8,Viladecans
0830102021,0,0,0.0,0.0,2025M11,8,Viladecans
0830102029,0,0,0.0,0.0,2025M11,8,Viladecans
0830102001,1,4,4.0,0.17211704,2025M11,8,Viladecans
0830102002,1,3,3.0,0.18832392,2025M11,8,Viladecans
0830102015,0,0,0.0,0.0,2025M11,8,Viladecans
0830102005,0,0,0.0,0.0,2025M11,8,Viladecans
0830102012,0,0,0.0,0.0,2025M11,8,Viladecans
0830102018,0,0,0.0,0.0,2025M11,8,Viladecans
0830102010,2,9,4.5,0.2994012,2025M11,8,Viladecans
0830102007,0,0,0.0,0.0,2025M11,8,Viladecans
0830102009,0,0,0.0,0.0,2025M11,8,Viladecans
0830102013,2,11,5.5,0.24752475,2025M11,8,Viladecans
0830102008,0,0,0.0,0.0,2025M11,8,Viladecans
0830102014,0,0,0.0,0.0,2025M11,8,Viladecans
0830102016,0,0,0.0,0.0,2025M11,8,Viladecans
0830102003,1,6,6.0,0.12987013,2025M11,8,Viladecans
0830102011,0,0,0.0,0.0,2025M11,8,Viladecans
0830102006,0,0,0.0,0.0,2025M11,8,Viladecans
0830102004,1,4,4.0,0.23584905,2025M11,8,Viladecans
0830102019,0,0,0.0,0.0,2025M11,8,Viladecans
0830101018,1,9,9.0,0.0,2025M11,8,Viladecans
0830101017,1,9,9.0,0.0,2025M11,8,Viladecans
0830101016,1,6,6.0,0.15503876,2025M11,8,Viladecans
0830102026,0,0,0.0,0.0,2025M11,8,Viladecans
0830102025,0,0,0.0,0.0,2025M11,8,Viladecans
0830101014,3,13,4.3333335,0.33296338,2025M11,8,Viladecans
0830101012,0,0,0.0,0.0,2025M11,8,Viladecans
0830101013,0,0,0.0,0.0,2025M11,8,Viladecans
0830101011,0,0,0.0,0.0,2025M11,8,Viladecans
0830101015,0,0,0.0,0.0,2025M11,8,Viladecans
0830101009,0,0,0.0,0.0,2025M11,8,Viladecans
0830101007,0,0,0.0,0.0,2025M11,8,Viladecans
0830102017,1,4,4.0,0.1472754,2025M11,8,Viladecans
0830101006,2,9,4.5,0.2713704,2025M11,8,Viladecans
0830101008,0,0,0.0,0.0,2025M11,8,Viladecans
0830101005,0,0,0.0,0.0,2025M11,8,Viladecans
0830101003,1,4,4.0,0.11481056,2025M11,8,Viladecans
0830101010,0,0,0.0,0.0,2025M11,8,Viladecans
0830101002,0,0,0.0,0.0,2025M11,8,Viladecans
0830101001,0,0,0.0,0.0,2025M11,8,Viladecans
0830101004,1,4,4.0,0.13623978,2025M11,8,Viladecans
0830201007,1,2,2.0,0.124533,2025M11,8,Vilanova del Camí
0830201006,0,0,0.0,0.0,2025M11,8,Vilanova del Camí
0830201003,0,0,0.0,0.0,2025M11,8,Vilanova del Camí
0830201004,0,0,0.0,0.0,2025M11,8,Vilanova del Camí
0830201005,0,0,0.0,0.0,2025M11,8,Vilanova del Camí
0830201001,0,0,0.0,0.0,2025M11,8,Vilanova del Camí
0830201002,1,2,2.0,0.13020833,2025M11,8,Vilanova del Camí
0830301001,12,51,4.25,4.6511626,2025M11,8,Vilanova de Sau
0830401001,0,0,0.0,0.0,2025M11,8,Vilobí del Penedès
0830504009,1,1,1.0,0.12406948,2025M11,8,Vilafranca del Penedès
0830504008,2,6,3.0,0.1934236,2025M11,8,Vilafranca del Penedès
0830504007,0,0,0.0,0.0,2025M11,8,Vilafranca del Penedès
0830504005,1,3,3.0,0.09082652,2025M11,8,Vilafranca del Penedès
0830504004,0,0,0.0,0.0,2025M11,8,Vilafranca del Penedès
0830502002,0,0,0.0,0.0,2025M11,8,Vilafranca del Penedès
0830504001,1,7,7.0,0.12315271,2025M11,8,Vilafranca del Penedès
0830503003,0,0,0.0,0.0,2025M11,8,Vilafranca del Penedès
0830502006,0,0,0.0,0.0,2025M11,8,Vilafranca del Penedès
0830503002,5,25,5.0,0.509165,2025M11,8,Vilafranca del Penedès
0830504002,0,0,0.0,0.0,2025M11,8,Vilafranca del Penedès
0830502005,4,13,3.25,0.34632036,2025M11,8,Vilafranca del Penedès
0830502004,0,0,0.0,0.0,2025M11,8,Vilafranca del Penedès
0830503001,0,0,0.0,0.0,2025M11,8,Vilafranca del Penedès
0830502003,0,0,0.0,0.0,2025M11,8,Vilafranca del Penedès
0830504003,2,6,3.0,0.28089887,2025M11,8,Vilafranca del Penedès
0830504006,0,0,0.0,0.0,2025M11,8,Vilafranca del Penedès
0830503004,0,0,0.0,0.0,2025M11,8,Vilafranca del Penedès
0830502001,0,0,0.0,0.0,2025M11,8,Vilafranca del Penedès
0830501002,0,0,0.0,0.0,2025M11,8,Vilafranca del Penedès
0830501003,1,11,11.0,0.17301038,2025M11,8,Vilafranca del Penedès
0830501001,0,0,0.0,0.0,2025M11,8,Vilafranca del Penedès
0830601001,0,0,0.0,0.0,2025M11,8,Vilalba Sasserra
0830704016,6,49,8.166667,0.4709576,2025M11,8,Vilanova i la Geltrú
0830704017,11,67,6.090909,0.0,2025M11,8,Vilanova i la Geltrú
0830704012,1,6,6.0,0.18726592,2025M11,8,Vilanova i la Geltrú
0830704015,1,4,4.0,0.14184397,2025M11,8,Vilanova i la Geltrú
0830704010,1,2,2.0,0.12953368,2025M11,8,Vilanova i la Geltrú
0830704014,0,0,0.0,0.0,2025M11,8,Vilanova i la Geltrú
0830704007,0,0,0.0,0.0,2025M11,8,Vilanova i la Geltrú
0830704006,0,0,0.0,0.0,2025M11,8,Vilanova i la Geltrú
0830704004,7,32,4.571429,0.8196721,2025M11,8,Vilanova i la Geltrú
0830703005,1,10,10.0,0.1283697,2025M11,8,Vilanova i la Geltrú
0830704001,9,37,4.111111,1.4446228,2025M11,8,Vilanova i la Geltrú
0830704003,3,10,3.3333333,0.78125,2025M11,8,Vilanova i la Geltrú
0830703004,6,34,5.6666665,0.4552352,2025M11,8,Vilanova i la Geltrú
0830704008,0,0,0.0,0.0,2025M11,8,Vilanova i la Geltrú
0830704009,0,0,0.0,0.0,2025M11,8,Vilanova i la Geltrú
0830704002,3,10,3.3333333,0.7281553,2025M11,8,Vilanova i la Geltrú
0830704011,1,1,1.0,0.12658228,2025M11,8,Vilanova i la Geltrú
0830704005,3,11,3.6666667,0.36452004,2025M11,8,Vilanova i la Geltrú
0830703003,5,31,6.2,0.84175086,2025M11,8,Vilanova i la Geltrú
0830702008,11,52,4.7272725,0.0,2025M11,8,Vilanova i la Geltrú
0830702006,3,19,6.3333335,0.41608876,2025M11,8,Vilanova i la Geltrú
0830703001,7,22,3.142857,1.75,2025M11,8,Vilanova i la Geltrú
0830702002,4,20,5.0,0.37664783,2025M11,8,Vilanova i la Geltrú
0830702003,10,38,3.8,1.0,2025M11,8,Vilanova i la Geltrú
0830704013,0,0,0.0,0.0,2025M11,8,Vilanova i la Geltrú
0830702001,28,134,4.785714,0.83160084,2025M11,8,Vilanova i la Geltrú
0830702007,9,51,5.6666665,0.76206607,2025M11,8,Vilanova i la Geltrú
0830701011,2,17,8.5,0.27855152,2025M11,8,Vilanova i la Geltrú
0830701010,1,2,2.0,0.16103059,2025M11,8,Vilanova i la Geltrú
0830702004,14,60,4.285714,1.0997643,2025M11,8,Vilanova i la Geltrú
0830701009,2,24,12.0,0.2762431,2025M11,8,Vilanova i la Geltrú
0830703002,1,4,4.0,0.1283697,2025M11,8,Vilanova i la Geltrú
0830701007,2,2,1.0,0.19782394,2025M11,8,Vilanova i la Geltrú
0830701006,5,19,3.8,0.64102566,2025M11,8,Vilanova i la Geltrú
0830701004,0,0,0.0,0.0,2025M11,8,Vilanova i la Geltrú
0830701005,6,22,3.6666667,1.2170385,2025M11,8,Vilanova i la Geltrú
0830701003,1,1,1.0,0.10080645,2025M11,8,Vilanova i la Geltrú
0830701001,2,10,5.0,0.2020202,2025M11,8,Vilanova i la Geltrú
0830701002,1,8,8.0,0.19569471,2025M11,8,Vilanova i la Geltrú
0830701008,2,14,7.0,0.1934236,2025M11,8,Vilanova i la Geltrú
0830801001,0,0,0.0,0.0,2025M11,8,Viver i Serrateix
0890101001,9,100,11.111111,2.8846154,2025M11,8,Rupit i Pruit
0890201002,0,0,0.0,0.0,2025M11,8,Vilanova del Vallès
0890201001,1,4,4.0,0.103950106,2025M11,8,Vilanova del Vallès
0890201003,8,32,4.0,1.0050251,2025M11,8,Vilanova del Vallès
0890301001,1,4,4.0,0.4347826,2025M11,8,Sant Julià de Cerdanyola
0890401011,1,4,4.0,0.21786493,2025M11,8,Badia del Vallès
0890401012,0,0,0.0,0.0,2025M11,8,Badia del Vallès
0890401007,0,0,0.0,0.0,2025M11,8,Badia del Vallès
0890401009,0,0,0.0,0.0,2025M11,8,Badia del Vallès
0890401004,2,8,4.0,0.40983605,2025M11,8,Badia del Vallès
0890401008,0,0,0.0,0.0,2025M11,8,Badia del Vallès
0890401002,0,0,0.0,0.0,2025M11,8,Badia del Vallès
0890401006,0,0,0.0,0.0,2025M11,8,Badia del Vallès
0890401005,0,0,0.0,0.0,2025M11,8,Badia del Vallès
0890401003,0,0,0.0,0.0,2025M11,8,Badia del Vallès
0890401010,0,0,0.0,0.0,2025M11,8,Badia del Vallès
0890401001,0,0,0.0,0.0,2025M11,8,Badia del Vallès
0890501001,0,0,0.0,0.0,2025M11,8,"Palma de Cervelló, La"
0890501002,1,10,10.0,0.14025246,2025M11,8,"Palma de Cervelló, La"
1700101001,6,53,8.833333,1.0186757,2025M11,17,Agullana
1700201001,4,45,11.25,1.3422819,2025M11,17,Aiguaviva
1700301001,7,52,7.428571,4.9295774,2025M11,17,Albanyà
1700401001,15,86,5.733333,2.722323,2025M11,17,Albons
1700501001,0,0,0.0,0.0,2025M11,17,"Far d'Empordà, El"
1700601001,135,699,5.177778,3.9496782,2025M11,17,Alp
1700701001,14,110,7.857143,1.0108303,2025M11,17,Amer
1700801003,9,40,4.4444447,1.0169492,2025M11,17,Anglès
1700801002,0,0,0.0,0.0,2025M11,17,Anglès
1700801001,2,6,3.0,0.27855152,2025M11,17,Anglès
1700902001,23,146,6.347826,2.6497695,2025M11,17,Arbúcies
1700901002,7,49,7.0,0.59473234,2025M11,17,Arbúcies
1700901001,10,61,6.1,0.7770008,2025M11,17,Arbúcies
1701001001,8,76,9.5,3.187251,2025M11,17,Argelaguer
1701101001,22,117,5.318182,3.0219781,2025M11,17,"Armentera, L'"
1701201001,9,37,4.111111,1.44,2025M11,17,Avinyonet de Puigventós
1701301003,101,585,5.792079,7.4319353,2025M11,17,Begur
1701301002,15,107,7.133333,3.177966,2025M11,17,Begur
1701301001,554,3503,6.323105,14.621272,2025M11,17,Begur
1701401001,0,0,0.0,0.0,2025M11,17,"Vajol, La"
1701503002,1,4,4.0,0.12755102,2025M11,17,Banyoles
1701503001,0,0,0.0,0.0,2025M11,17,Banyoles
1701502005,8,41,5.125,1.3071896,2025M11,17,Banyoles
1701502004,0,0,0.0,0.0,2025M11,17,Banyoles
1701502003,12,67,5.5833335,1.1070111,2025M11,17,Banyoles
1701502002,4,13,3.25,0.5641749,2025M11,17,Banyoles
1701501005,2,17,8.5,0.33222592,2025M11,17,Banyoles
1701501004,3,22,7.3333335,0.2952756,2025M11,17,Banyoles
1701501003,7,27,3.857143,0.9762901,2025M11,17,Banyoles
1701501002,10,42,4.2,1.5243902,2025M11,17,Banyoles
1701501001,6,25,4.1666665,0.7125891,2025M11,17,Banyoles
1701502001,9,63,7.0,1.226158,2025M11,17,Banyoles
1701601001,17,131,7.7058825,3.0965393,2025M11,17,Bàscara
1701801001,17,97,5.7058825,3.3268101,2025M11,17,Bellcaire d'Empordà
1701901001,47,190,4.0425534,3.849304,2025M11,17,Besalú
1702001003,0,0,0.0,0.0,2025M11,17,Bescanó
1702001002,8,92,11.5,1.3114754,2025M11,17,Bescanó
1702001001,3,45,15.0,0.43165466,2025M11,17,Bescanó
1702101001,7,76,10.857142,5.7377048,2025M11,17,Beuda
1702202003,3,12,4.0,0.51724136,2025M11,17,"Bisbal d'Empordà, La"
1702202002,6,22,3.6666667,0.90771556,2025M11,17,"Bisbal d'Empordà, La"
1702202001,3,20,6.6666665,0.27372262,2025M11,17,"Bisbal d'Empordà, La"
1702201004,4,26,6.5,0.47619048,2025M11,17,"Bisbal d'Empordà, La"
1702201003,0,0,0.0,0.0,2025M11,17,"Bisbal d'Empordà, La"
1702201002,2,9,4.5,0.23529412,2025M11,17,"Bisbal d'Empordà, La"
1702303004,18,146,8.111111,1.682243,2025M11,17,Blanes
1702303003,1,5,5.0,0.109769486,2025M11,17,Blanes
1702303002,4,30,7.5,0.73394495,2025M11,17,Blanes
1702302013,1,3,3.0,0.19646366,2025M11,17,Blanes
1702302012,1,4,4.0,0.17064847,2025M11,17,Blanes
1702302011,2,12,6.0,0.20449898,2025M11,17,Blanes
1702303001,0,0,0.0,0.0,2025M11,17,Blanes
1702302010,4,19,4.75,0.25559106,2025M11,17,Blanes
1702302009,14,73,5.214286,2.6565466,2025M11,17,Blanes
1702302008,1,4,4.0,0.16666667,2025M11,17,Blanes
1702302007,6,27,4.5,0.52677786,2025M11,17,Blanes
1702302006,1,3,3.0,0.14749263,2025M11,17,Blanes
1702302005,1,5,5.0,0.0907441,2025M11,17,Blanes
1702302004,5,30,6.0,0.41220117,2025M11,17,Blanes
1702302003,2,5,2.5,0.16877638,2025M11,17,Blanes
1702302002,11,52,4.7272725,1.2181617,2025M11,17,Blanes
1702302001,33,166,5.030303,1.9807923,2025M11,17,Blanes
1702301007,67,543,8.104478,7.3304157,2025M11,17,Blanes
1702301006,176,818,4.6477275,4.481793,2025M11,17,Blanes
1702301004,56,300,5.357143,3.2444959,2025M11,17,Blanes
1702301002,53,255,4.811321,3.0062394,2025M11,17,Blanes
1702301001,47,243,5.1702127,3.433163,2025M11,17,Blanes
1702401001,9,67,7.4444447,1.0146562,2025M11,17,Bolvir
1702501001,1,5,5.0,0.13477089,2025M11,17,Bordils
1702601001,4,27,6.75,1.2084593,2025M11,17,Borrassà
1702701002,1,6,6.0,0.13458951,2025M11,17,Breda
1702701001,3,23,7.6666665,0.27675277,2025M11,17,Breda
1702801001,1,16,16.0,0.44642857,2025M11,17,Brunyola i Sant Martí Sapresa
1702901001,5,43,8.6,2.3474178,2025M11,17,Boadella i les Escaules
1703001001,1,2,2.0,0.22371365,2025M11,17,Cabanes
1703101001,11,153,13.909091,6.395349,2025M11,17,Cabanelles
1703201001,466,2329,4.997854,12.95164,2025M11,17,Cadaqués
1703301004,25,152,6.08,2.1626298,2025M11,17,Caldes de Malavella
1703301003,2,11,5.5,0.3257329,2025M11,17,Caldes de Malavella
1703301002,31,160,5.16129,2.1527777,2025M11,17,Caldes de Malavella
1703301001,4,19,4.75,0.41450778,2025M11,17,Caldes de Malavella
1703401005,274,1463,5.339416,6.0552487,2025M11,17,Calonge i Sant Antoni
1703401004,124,726,5.854839,7.908163,2025M11,17,Calonge i Sant Antoni
1703401003,66,346,5.242424,3.2496307,2025M11,17,Calonge i Sant Antoni
1703401002,123,607,4.9349594,2.8812368,2025M11,17,Calonge i Sant Antoni
1703401001,28,162,5.785714,1.628854,2025M11,17,Calonge i Sant Antoni
1703501001,1,6,6.0,0.30395138,2025M11,17,Camós
1703601003,3,17,5.6666665,0.65217394,2025M11,17,Campdevànol
1703601002,6,32,5.3333335,1.1235955,2025M11,17,Campdevànol
1703601001,1,4,4.0,0.15673982,2025M11,17,Campdevànol
1703701001,13,81,6.230769,7.142857,2025M11,17,Campelles
1703801001,3,24,8.0,1.5306122,2025M11,17,Campllong
1703901002,44,305,6.931818,4.526749,2025M11,17,Camprodon
1703901001,61,330,5.4098363,3.5037334,2025M11,17,Camprodon
1704001001,8,52,6.5,2.1563342,2025M11,17,Canet d'Adri
1704101001,9,45,5.0,3.9130435,2025M11,17,Cantallops
1704201001,12,109,9.083333,3.183024,2025M11,17,Capmany
1704301001,9,51,5.6666665,2.3809524,2025M11,17,Queralbs
1704402003,4,20,5.0,0.9592326,2025M11,17,Cassà de la Selva
1704402002,1,5,5.0,0.08904719,2025M11,17,Cassà de la Selva
1704402001,2,12,6.0,0.13927576,2025M11,17,Cassà de la Selva
1704401002,1,12,12.0,0.12406948,2025M11,17,Cassà de la Selva
1704401001,2,12,6.0,0.21574973,2025M11,17,Cassà de la Selva
1704601001,14,76,5.428571,2.6923077,2025M11,17,Castellfollit de la Roca
1704701004,220,1192,5.418182,5.9880238,2025M11,17,Castelló d'Empúries
1704701003,1193,5690,4.769489,11.263218,2025M11,17,Castelló d'Empúries
1704701002,17,71,4.1764708,1.7137097,2025M11,17,Castelló d'Empúries
1704701001,87,488,5.609195,7.873303,2025M11,17,Castelló d'Empúries
1704801006,84,419,4.9880953,0.0,2025M11,17,"Castell d'Aro, Platja d'Aro i s'Agaró"
1704801005,113,591,5.2300887,5.108499,2025M11,17,"Castell d'Aro, Platja d'Aro i s'Agaró"
1704801004,209,1046,5.0047846,7.2619877,2025M11,17,"Castell d'Aro, Platja d'Aro i s'Agaró"
1704801003,82,410,5.0,3.7875288,2025M11,17,"Castell d'Aro, Platja d'Aro i s'Agaró"
1704801002,374,1834,4.9037433,5.21327,2025M11,17,"Castell d'Aro, Platja d'Aro i s'Agaró"
1704801001,57,298,5.2280703,4.4427123,2025M11,17,"Castell d'Aro, Platja d'Aro i s'Agaró"
1704901003,0,0,0.0,0.0,2025M11,17,Celrà
1704901002,3,20,6.6666665,0.30895984,2025M11,17,Celrà
1704901001,8,51,6.375,1.0928962,2025M11,17,Celrà
1705001001,1,5,5.0,0.22727273,2025M11,17,Cervià de Ter
1705101001,6,67,11.166667,3.2085562,2025M11,17,Cistella
1705201001,2,12,6.0,2.247191,2025M11,17,Siurana
1705401001,35,202,5.7714286,3.54251,2025M11,17,Colera
1705501001,4,20,5.0,2.631579,2025M11,17,Colomers
1705601001,16,147,9.1875,1.5281757,2025M11,17,Cornellà del Terri
1705701001,23,207,9.0,3.2440057,2025M11,17,Corçà
1705801001,10,62,6.2,6.7114096,2025M11,17,Crespià
1706001001,12,68,5.6666665,2.6966293,2025M11,17,Darnius
1706101001,6,42,7.0,1.4051522,2025M11,17,Das
1706201005,504,2912,5.7777777,7.467773,2025M11,17,"Escala, L'"
1706201004,36,185,5.138889,2.907916,2025M11,17,"Escala, L'"
1706201003,220,1206,5.481818,10.446343,2025M11,17,"Escala, L'"
1706201002,238,1220,5.1260505,6.0994363,2025M11,17,"Escala, L'"
1706201001,98,482,4.9183674,8.514336,2025M11,17,"Escala, L'"
1706301001,4,31,7.75,2.0304568,2025M11,17,Espinelves
1706401001,7,44,6.285714,2.3648648,2025M11,17,Espolla
1706501001,6,41,6.8333335,2.6431718,2025M11,17,Esponellà
1706604008,1,4,4.0,0.22123894,2025M11,17,Figueres
1706604007,1,8,8.0,0.30674848,2025M11,17,Figueres
1706604005,2,8,4.0,0.24449877,2025M11,17,Figueres
1706604004,1,4,4.0,0.07309941,2025M11,17,Figueres
1706604001,21,79,3.7619047,2.2411952,2025M11,17,Figueres
1706603004,0,0,0.0,0.0,2025M11,17,Figueres
1706603003,1,5,5.0,0.0862069,2025M11,17,Figueres
1706603002,6,22,3.6666667,0.52816904,2025M11,17,Figueres
1706602002,14,59,4.214286,1.6184971,2025M11,17,Figueres
1706601006,0,0,0.0,0.0,2025M11,17,Figueres
1706601004,0,0,0.0,0.0,2025M11,17,Figueres
1706601002,14,57,4.071429,2.0289855,2025M11,17,Figueres
1706604009,0,0,0.0,0.0,2025M11,17,Figueres
1706601001,3,16,5.3333335,0.49833888,2025M11,17,Figueres
1706601003,12,57,4.75,0.9259259,2025M11,17,Figueres
1706601005,0,0,0.0,0.0,2025M11,17,Figueres
1706601008,0,0,0.0,0.0,2025M11,17,Figueres
1706602001,30,131,4.366667,3.8610039,2025M11,17,Figueres
1706602003,1,2,2.0,0.18691589,2025M11,17,Figueres
1706602004,4,30,7.5,0.3835091,2025M11,17,Figueres
1706601007,0,0,0.0,0.0,2025M11,17,Figueres
1706603001,8,40,5.0,0.9456265,2025M11,17,Figueres
1706604002,8,36,4.5,0.8188332,2025M11,17,Figueres
1706603005,13,54,4.1538463,0.96582466,2025M11,17,Figueres
1706604003,2,11,5.5,0.17006803,2025M11,17,Figueres
1706701001,2,10,5.0,0.37593985,2025M11,17,Flaçà
1706801001,7,43,6.142857,2.8455284,2025M11,17,Foixà
1706901001,32,192,6.0,2.631579,2025M11,17,Fontanals de Cerdanya
1707001001,4,36,9.0,3.508772,2025M11,17,Fontanilles
1707101001,8,79,9.875,1.4159292,2025M11,17,Fontcoberta
1707301002,2,21,10.5,0.5952381,2025M11,17,Fornells de la Selva
1707301001,3,12,4.0,0.4643963,2025M11,17,Fornells de la Selva
1707401001,6,28,4.6666665,1.5625,2025M11,17,Fortià
1707501001,5,45,9.0,1.8726592,2025M11,17,Garrigàs
1707601001,5,35,7.0,3.5714285,2025M11,17,Garrigoles
1707701001,14,106,7.571429,2.6565466,2025M11,17,Garriguella
1707801001,17,91,5.352941,2.242744,2025M11,17,Ger
1707906005,1,4,4.0,0.2004008,2025M11,17,Girona
1707906004,0,0,0.0,0.0,2025M11,17,Girona
1707906003,0,0,0.0,0.0,2025M11,17,Girona
1707906002,5,26,5.2,0.45207956,2025M11,17,Girona
1707906001,2,22,11.0,0.25412962,2025M11,17,Girona
1707905006,0,0,0.0,0.0,2025M11,17,Girona
1707903019,4,18,4.5,0.49140048,2025M11,17,Girona
1707905002,23,91,3.9565217,4.11449,2025M11,17,Girona
1707905003,2,12,6.0,0.22321428,2025M11,17,Girona
1707903020,5,22,4.4,0.73099416,2025M11,17,Girona
1707903021,1,4,4.0,0.0,2025M11,17,Girona
1707903017,0,0,0.0,0.0,2025M11,17,Girona
1707903016,3,6,2.0,0.39893618,2025M11,17,Girona
1707903015,3,5,1.6666666,0.3131524,2025M11,17,Girona
1707903014,0,0,0.0,0.0,2025M11,17,Girona
1707903013,0,0,0.0,0.0,2025M11,17,Girona
1707903011,0,0,0.0,0.0,2025M11,17,Girona
1707903010,1,2,2.0,0.1112347,2025M11,17,Girona
1707903009,0,0,0.0,0.0,2025M11,17,Girona
1707903007,5,16,3.2,0.4595588,2025M11,17,Girona
1707905004,19,92,4.8421054,4.185022,2025M11,17,Girona
1707903008,1,6,6.0,0.060716454,2025M11,17,Girona
1707905001,8,46,5.75,1.4760147,2025M11,17,Girona
1707905005,1,2,2.0,0.2,2025M11,17,Girona
1707903006,5,14,2.8,1.0799136,2025M11,17,Girona
1707903005,1,1,1.0,0.1369863,2025M11,17,Girona
1707904002,57,232,4.0701756,9.6446705,2025M11,17,Girona
1707904001,85,326,3.835294,9.670079,2025M11,17,Girona
1707903012,0,0,0.0,0.0,2025M11,17,Girona
1707903004,8,32,4.0,1.3722126,2025M11,17,Girona
1707903003,15,54,3.6,0.87822014,2025M11,17,Girona
1707903002,29,129,4.448276,3.9083557,2025M11,17,Girona
1707903001,30,117,3.9,3.5971222,2025M11,17,Girona
1707902022,0,0,0.0,0.0,2025M11,17,Girona
1707902021,0,0,0.0,0.0,2025M11,17,Girona
1707902020,1,10,10.0,0.16806723,2025M11,17,Girona
1707903018,0,0,0.0,0.0,2025M11,17,Girona
1707902019,2,8,4.0,0.15491867,2025M11,17,Girona
1707902018,1,8,8.0,0.12391574,2025M11,17,Girona
1707902017,2,10,5.0,0.4032258,2025M11,17,Girona
1707902016,1,8,8.0,0.24630542,2025M11,17,Girona
1707902015,2,9,4.5,0.20408164,2025M11,17,Girona
1707902014,0,0,0.0,0.0,2025M11,17,Girona
1707902013,2,9,4.5,0.29069766,2025M11,17,Girona
1707902012,0,0,0.0,0.0,2025M11,17,Girona
1707902011,0,0,0.0,0.0,2025M11,17,Girona
1707902010,3,12,4.0,0.23273855,2025M11,17,Girona
1707902009,2,10,5.0,0.29985008,2025M11,17,Girona
1707902008,1,5,5.0,0.09033424,2025M11,17,Girona
1707902007,3,13,4.3333335,0.31347963,2025M11,17,Girona
1707902006,2,9,4.5,0.1577287,2025M11,17,Girona
1707902005,1,4,4.0,0.16207455,2025M11,17,Girona
1707902004,20,93,4.65,1.9782394,2025M11,17,Girona
1707902003,16,74,4.625,1.9826518,2025M11,17,Girona
1707902002,4,20,5.0,0.6163328,2025M11,17,Girona
1707902001,18,86,4.7777777,3.6290324,2025M11,17,Girona
1707901006,0,0,0.0,0.0,2025M11,17,Girona
1707901005,0,0,0.0,0.0,2025M11,17,Girona
1707901004,10,42,4.2,1.1441648,2025M11,17,Girona
1707901003,6,27,4.5,0.72551394,2025M11,17,Girona
1707901002,7,38,5.428571,1.7676767,2025M11,17,Girona
1707901001,95,413,4.3473682,10.451045,2025M11,17,Girona
1708001001,4,30,7.5,2.1505377,2025M11,17,Gombrèn
1708101001,15,89,5.9333334,4.9342103,2025M11,17,Gualta
1708201001,16,124,7.75,1.7486339,2025M11,17,Guils de Cerdanya
1708301003,0,0,0.0,0.0,2025M11,17,Hostalric
1708301002,2,35,17.5,0.23894863,2025M11,17,Hostalric
1708301001,15,77,5.133333,2.3923445,2025M11,17,Hostalric
1708401001,11,69,6.2727275,2.4886878,2025M11,17,Isòvol
1708501001,4,23,5.75,1.7467248,2025M11,17,Jafre
1708601002,2,7,3.5,0.37174723,2025M11,17,"Jonquera, La"
1708601001,3,13,4.3333335,0.32223415,2025M11,17,"Jonquera, La"
1708701001,4,25,6.25,2.5974026,2025M11,17,Juià
1708801001,7,56,8.0,1.758794,2025M11,17,Lladó
1708901004,1,5,5.0,0.11273957,2025M11,17,Llagostera
1708901003,30,196,6.5333333,1.7678256,2025M11,17,Llagostera
1708901002,2,10,5.0,0.21119325,2025M11,17,Llagostera
1708901001,6,30,5.0,0.6315789,2025M11,17,Llagostera
1709001001,6,46,7.6666665,2.0905924,2025M11,17,Llambilles
1709101001,9,47,5.2222223,1.1494253,2025M11,17,Llanars
1709201003,18,91,5.0555553,2.4489796,2025M11,17,Llançà
1709201002,44,226,5.1363635,2.4162548,2025M11,17,Llançà
1709201001,415,2027,4.8843374,7.2934976,2025M11,17,Llançà
1709301001,1,4,4.0,0.18181819,2025M11,17,Llers
1709401001,64,389,6.078125,2.6890757,2025M11,17,Llívia
1709504003,14,75,5.357143,2.0289855,2025M11,17,Lloret de Mar
1709504002,10,49,4.9,1.0460252,2025M11,17,Lloret de Mar
1709504001,87,733,8.425287,4.9856734,2025M11,17,Lloret de Mar
1709504004,0,0,0.0,0.0,2025M11,17,Lloret de Mar
1709503004,58,488,8.413794,3.691916,2025M11,17,Lloret de Mar
1709503003,1,5,5.0,0.08598452,2025M11,17,Lloret de Mar
1709503002,193,1181,6.119171,7.547908,2025M11,17,Lloret de Mar
1709503001,67,414,6.1791043,6.135531,2025M11,17,Lloret de Mar
1709502003,324,1851,5.712963,11.281337,2025M11,17,Lloret de Mar
1709502002,44,218,4.9545455,3.218727,2025M11,17,Lloret de Mar
1709502001,76,388,5.105263,4.187328,2025M11,17,Lloret de Mar
1709501004,142,721,5.0774646,5.084139,2025M11,17,Lloret de Mar
1709501003,78,382,4.8974357,3.4930587,2025M11,17,Lloret de Mar
1709501002,129,626,4.852713,7.923833,2025M11,17,Lloret de Mar
1709501001,258,1287,4.9883723,10.125588,2025M11,17,Lloret de Mar
1709601001,7,37,5.285714,4.7945204,2025M11,17,"Llosses, Les"
1709701001,16,70,4.375,9.467456,2025M11,17,Madremanya
1709801001,22,132,6.0,8.695652,2025M11,17,Maià de Montcal
1709901001,0,0,0.0,0.0,2025M11,17,Meranges
1710001001,3,30,10.0,2.1126761,2025M11,17,Masarac
1710101001,8,58,7.25,1.5037594,2025M11,17,Massanes
1710201001,6,37,6.1666665,0.877193,2025M11,17,Maçanet de Cabrenys
1710301004,64,482,7.53125,4.7940073,2025M11,17,Maçanet de la Selva
1710301003,0,0,0.0,0.0,2025M11,17,Maçanet de la Selva
1710301002,25,153,6.12,1.3109596,2025M11,17,Maçanet de la Selva
1710301001,2,13,6.5,0.31152648,2025M11,17,Maçanet de la Selva
1710501001,7,57,8.142858,3.097345,2025M11,17,Mieres
1710601001,2,12,6.0,1.6806723,2025M11,17,Mollet de Peralada
1710701001,24,145,6.0416665,5.117271,2025M11,17,Molló
1710901001,29,161,5.551724,5.461394,2025M11,17,Montagut i Oix
1711001001,36,258,7.1666665,4.4609666,2025M11,17,Mont-ras
1711101001,32,247,7.71875,3.7296038,2025M11,17,Navata
1711201001,11,73,6.6363635,5.164319,2025M11,17,Ogassa
1711402002,1,6,6.0,0.10989011,2025M11,17,Olot
1711402003,1,3,3.0,0.12987013,2025M11,17,Olot
1711404002,11,46,4.181818,0.81845236,2025M11,17,Olot
1711405004,0,0,0.0,0.0,2025M11,17,Olot
1711405003,5,29,5.8,0.42158517,2025M11,17,Olot
1711405002,0,0,0.0,0.0,2025M11,17,Olot
1711405001,6,25,4.1666665,0.96463025,2025M11,17,Olot
1711404001,0,0,0.0,0.0,2025M11,17,Olot
1711403003,7,46,6.571429,0.6081668,2025M11,17,Olot
1711403002,2,10,5.0,0.24813896,2025M11,17,Olot
1711403001,6,31,5.1666665,1.3274336,2025M11,17,Olot
1711402005,0,0,0.0,0.0,2025M11,17,Olot
1711402004,3,13,4.3333335,0.55658627,2025M11,17,Olot
1711402001,2,8,4.0,0.20920502,2025M11,17,Olot
1711401007,3,12,4.0,0.35460994,2025M11,17,Olot
1711401006,2,8,4.0,0.44247788,2025M11,17,Olot
1711401005,2,9,4.5,0.36563072,2025M11,17,Olot
1711401004,6,55,9.166667,1.3574661,2025M11,17,Olot
1711401003,1,4,4.0,0.15873016,2025M11,17,Olot
1711401002,7,28,4.0,0.9320905,2025M11,17,Olot
1711401001,13,63,4.8461537,0.9015257,2025M11,17,Olot
1711501001,8,58,7.25,4.8192773,2025M11,17,Ordis
1711601001,13,70,5.3846154,4.0880504,2025M11,17,Osor
1711701003,10,50,5.0,1.0351967,2025M11,17,Palafrugell
1711703002,26,212,8.153846,2.1612635,2025M11,17,Palafrugell
1711703001,7,24,3.4285715,1.0622154,2025M11,17,Palafrugell
1711702003,543,3007,5.537753,8.406874,2025M11,17,Palafrugell
1711702002,13,57,4.3846154,0.9135629,2025M11,17,Palafrugell
1711702001,13,68,5.230769,1.0708402,2025M11,17,Palafrugell
1711701005,4,13,3.25,0.5442177,2025M11,17,Palafrugell
1711703003,3,12,4.0,0.4341534,2025M11,17,Palafrugell
1711701004,8,33,4.125,0.9876543,2025M11,17,Palafrugell
1711701002,240,1501,6.2541666,10.643016,2025M11,17,Palafrugell
1711701001,13,64,4.923077,1.031746,2025M11,17,Palafrugell
1711803003,20,100,5.0,1.7226529,2025M11,17,Palamós
1711802001,72,350,4.861111,4.600639,2025M11,17,Palamós
1711801002,38,210,5.5263157,2.9850745,2025M11,17,Palamós
1711801001,64,342,5.34375,4.5007033,2025M11,17,Palamós
1711801003,11,55,5.0,1.7268445,2025M11,17,Palamós
1711801004,12,71,5.9166665,2.247191,2025M11,17,Palamós
1711802002,48,233,4.8541665,2.6172302,2025M11,17,Palamós
1711803001,9,45,5.0,1.0321101,2025M11,17,Palamós
1711803002,18,101,5.611111,2.601156,2025M11,17,Palamós
1711804002,140,729,5.207143,6.6634936,2025M11,17,Palamós
1711804001,6,30,5.0,0.65502185,2025M11,17,Palamós
1711901001,3,32,10.666667,3.7037036,2025M11,17,Palau de Santa Eulàlia
1712001001,27,198,7.3333335,2.8846154,2025M11,17,Palau-saverdera
1712101001,23,117,5.0869565,8.880309,2025M11,17,Palau-sator
1712301001,2,13,6.5,0.9708738,2025M11,17,Palol de Revardit
1712401001,444,2568,5.783784,11.1306095,2025M11,17,Pals
1712501001,7,35,5.0,3.1818182,2025M11,17,Pardines
1712601001,5,40,8.0,1.8656716,2025M11,17,Parlavà
1712801001,18,98,5.4444447,5.732484,2025M11,17,Pau
1712901001,1,5,5.0,0.9259259,2025M11,17,Pedret i Marzà
1713001001,6,40,6.6666665,2.2222223,2025M11,17,"Pera, La"
1713201001,26,137,5.269231,2.3111112,2025M11,17,Peralada
1713301001,19,140,7.368421,1.973001,2025M11,17,"Planes d'Hostoles, Les"
1713401001,8,39,4.875,1.3582343,2025M11,17,Planoles
1713501001,7,53,7.571429,2.5735295,2025M11,17,Pont de Molins
1713601001,3,43,14.333333,1.6853932,2025M11,17,Pontós
1713701003,0,0,0.0,0.0,2025M11,17,Porqueres
1713701001,9,135,15.0,2.6470587,2025M11,17,Porqueres
1713701002,1,5,5.0,0.11312217,2025M11,17,Porqueres
1713801001,166,1263,7.6084337,15.215399,2025M11,17,Portbou
1713901001,4,43,10.75,0.5215124,2025M11,17,"Preses, Les"
1714001001,157,877,5.585987,6.287545,2025M11,17,"Port de la Selva, El"
1714101005,12,75,6.25,2.169982,2025M11,17,Puigcerdà
1714101002,24,139,5.7916665,2.0033388,2025M11,17,Puigcerdà
1714101001,17,92,5.4117646,2.3351648,2025M11,17,Puigcerdà
1714101003,38,253,6.6578946,2.1939955,2025M11,17,Puigcerdà
1714101004,31,171,5.516129,1.7435321,2025M11,17,Puigcerdà
1714201001,7,37,5.285714,1.1400652,2025M11,17,Quart
1714201002,2,16,8.0,0.2259887,2025M11,17,Quart
1714301001,15,112,7.4666667,8.2872925,2025M11,17,Rabós
1714401001,7,47,6.714286,3.7634408,2025M11,17,Regencós
1714501001,42,206,4.904762,5.652759,2025M11,17,Ribes de Freser
1714501002,22,125,5.681818,2.4336283,2025M11,17,Ribes de Freser
1714601002,4,32,8.0,0.30721965,2025M11,17,Riells i Viabrea
1714601001,3,32,10.666667,0.2775208,2025M11,17,Riells i Viabrea
1714704001,10,47,4.7,1.6129032,2025M11,17,Ripoll
1714703004,0,0,0.0,0.0,2025M11,17,Ripoll
1714703003,6,28,4.6666665,0.57747835,2025M11,17,Ripoll
1714703002,0,0,0.0,0.0,2025M11,17,Ripoll
1714703001,6,33,5.5,0.82417583,2025M11,17,Ripoll
1714701001,4,19,4.75,0.3988036,2025M11,17,Ripoll
1714702001,2,10,5.0,0.4032258,2025M11,17,Ripoll
1714702002,1,15,15.0,0.27322406,2025M11,17,Ripoll
1714801001,11,132,12.0,0.7623008,2025M11,17,Riudarenes
1714901001,7,52,7.428571,2.734375,2025M11,17,Riudaura
1715001001,1,5,5.0,0.118623964,2025M11,17,Riudellots de la Selva
1715101001,17,95,5.5882354,10.967742,2025M11,17,Riumors
1715202005,41,206,5.02439,3.8606403,2025M11,17,Roses
1715202004,40,223,5.575,5.7971015,2025M11,17,Roses
1715202003,766,3779,4.93342,14.349944,2025M11,17,Roses
1715202002,24,118,4.9166665,1.9884009,2025M11,17,Roses
1715202001,122,572,4.6885247,8.361892,2025M11,17,Roses
1715201006,103,582,5.6504855,4.6480145,2025M11,17,Roses
1715201005,20,89,4.45,2.2371364,2025M11,17,Roses
1715201004,8,41,5.125,1.0025063,2025M11,17,Roses
1715201003,780,3577,4.5858974,8.950086,2025M11,17,Roses
1715201002,23,126,5.478261,2.754491,2025M11,17,Roses
1715201001,107,522,4.8785048,6.998038,2025M11,17,Roses
1715301001,11,90,8.181818,5.4726367,2025M11,17,Rupià
1715401001,18,110,6.111111,20.689655,2025M11,17,Sales de Llierca
1715502007,2,10,5.0,0.2980626,2025M11,17,Salt
1715502006,0,0,0.0,0.0,2025M11,17,Salt
1715502005,0,0,0.0,0.0,2025M11,17,Salt
1715502004,0,0,0.0,0.0,2025M11,17,Salt
1715502003,1,14,14.0,0.1312336,2025M11,17,Salt
1715502002,1,5,5.0,0.14044943,2025M11,17,Salt
1715502001,0,0,0.0,0.0,2025M11,17,Salt
1715501009,0,0,0.0,0.0,2025M11,17,Salt
1715501008,0,0,0.0,0.0,2025M11,17,Salt
1715501006,0,0,0.0,0.0,2025M11,17,Salt
1715501005,0,0,0.0,0.0,2025M11,17,Salt
1715501003,1,5,5.0,0.08019246,2025M11,17,Salt
1715501002,0,0,0.0,0.0,2025M11,17,Salt
1715501001,0,0,0.0,0.0,2025M11,17,Salt
1715501004,1,5,5.0,0.09756098,2025M11,17,Salt
1715701001,2,20,10.0,2.5316455,2025M11,17,Sant Andreu Salou
1715801001,7,37,5.285714,1.9125683,2025M11,17,Sant Climent Sescebes
1715901001,7,92,13.142858,1.2477719,2025M11,17,Sant Feliu de Buixalleu
1716004002,135,702,5.2,5.879791,2025M11,17,Sant Feliu de Guíxols
1716004001,80,410,5.125,3.9312038,2025M11,17,Sant Feliu de Guíxols
1716003003,1,5,5.0,0.14947683,2025M11,17,Sant Feliu de Guíxols
1716003002,2,11,5.5,0.2713704,2025M11,17,Sant Feliu de Guíxols
1716003001,20,99,4.95,1.1061947,2025M11,17,Sant Feliu de Guíxols
1716002005,4,20,5.0,0.40733197,2025M11,17,Sant Feliu de Guíxols
1716002004,0,0,0.0,0.0,2025M11,17,Sant Feliu de Guíxols
1716002003,1,5,5.0,0.0921659,2025M11,17,Sant Feliu de Guíxols
1716002002,14,74,5.285714,1.1484823,2025M11,17,Sant Feliu de Guíxols
1716002001,41,210,5.121951,3.1417625,2025M11,17,Sant Feliu de Guíxols
1716001002,43,221,5.139535,3.1617646,2025M11,17,Sant Feliu de Guíxols
1716001001,79,379,4.797468,4.0533605,2025M11,17,Sant Feliu de Guíxols
1716101001,6,71,11.833333,0.747198,2025M11,17,Sant Feliu de Pallerols
1716201001,6,65,10.833333,5.4545455,2025M11,17,Sant Ferriol
1716301003,2,14,7.0,0.0,2025M11,17,Sant Gregori
1716301002,10,109,10.9,1.9762846,2025M11,17,Sant Gregori
1716301001,1,2,2.0,0.1,2025M11,17,Sant Gregori
1716401003,4,22,5.5,0.28510335,2025M11,17,Sant Hilari Sacalm
1716401002,7,30,4.285714,1.0416666,2025M11,17,Sant Hilari Sacalm
1716401001,9,51,5.6666665,0.9249743,2025M11,17,Sant Hilari Sacalm
1716501001,10,69,6.9,2.3474178,2025M11,17,Sant Jaume de Llierca
1716601001,20,100,5.0,5.0,2025M11,17,Sant Jordi Desvalls
1716701003,9,52,5.7777777,1.6981132,2025M11,17,Sant Joan de les Abadesses
1716701001,13,74,5.6923075,2.5440314,2025M11,17,Sant Joan de les Abadesses
1716701002,14,68,4.857143,1.4285715,2025M11,17,Sant Joan de les Abadesses
1716801001,0,0,0.0,0.0,2025M11,17,Sant Joan de Mollet
1716901003,3,21,7.0,0.591716,2025M11,17,Sant Julià de Ramis
1716901001,3,12,4.0,0.5514706,2025M11,17,Sant Julià de Ramis
1716901002,0,0,0.0,0.0,2025M11,17,Sant Julià de Ramis
1717001001,2,10,5.0,1.0152284,2025M11,17,Vallfogona de Ripollès
1717101001,6,30,5.0,2.2988505,2025M11,17,Sant Llorenç de la Muga
1717201001,4,19,4.75,1.0443864,2025M11,17,Sant Martí de Llémena
1717301001,3,15,5.0,2.5210085,2025M11,17,Sant Martí Vell
1717401001,3,26,8.666667,2.238806,2025M11,17,Sant Miquel de Campmajor
1717501001,10,58,5.8,2.7700832,2025M11,17,Sant Miquel de Fluvià
1717601001,10,65,6.5,6.0240965,2025M11,17,Sant Mori
1717701001,14,88,6.285714,2.4347825,2025M11,17,Sant Pau de Segúries
1717801001,70,448,6.4,4.268293,2025M11,17,Sant Pere Pescador
1718001006,8,56,7.0,0.82051283,2025M11,17,Santa Coloma de Farners
1718001005,0,0,0.0,0.0,2025M11,17,Santa Coloma de Farners
1718001004,1,5,5.0,0.085910656,2025M11,17,Santa Coloma de Farners
1718001003,0,0,0.0,0.0,2025M11,17,Santa Coloma de Farners
1718001002,10,46,4.6,1.236094,2025M11,17,Santa Coloma de Farners
1718001001,0,0,0.0,0.0,2025M11,17,Santa Coloma de Farners
1718101002,141,794,5.6312056,5.3981624,2025M11,17,Santa Cristina d'Aro
1718101001,14,74,5.285714,1.0752689,2025M11,17,Santa Cristina d'Aro
1718201001,0,0,0.0,0.0,2025M11,17,Santa Llogaia d'Àlguema
1718301001,6,36,6.0,2.6200874,2025M11,17,Sant Aniol de Finestres
1718401001,37,290,7.8378377,4.4794188,2025M11,17,Santa Pau
1718501003,10,94,9.4,1.7793595,2025M11,17,Sant Joan les Fonts
1718501002,3,16,5.3333335,0.75376886,2025M11,17,Sant Joan les Fonts
1718501001,2,6,3.0,0.42918456,2025M11,17,Sant Joan les Fonts
1718601003,0,0,0.0,0.0,2025M11,17,Sarrià de Ter
1718601002,0,0,0.0,0.0,2025M11,17,Sarrià de Ter
1718601001,0,0,0.0,0.0,2025M11,17,Sarrià de Ter
1718701001,27,158,5.851852,5.222437,2025M11,17,"Saus, Camallera i Llampaies"
1718801001,12,40,3.3333333,4.4280443,2025M11,17,"Selva de Mar, La"
1718901002,2,23,11.5,0.4474273,2025M11,17,"Cellera de Ter, La"
1718901001,6,56,9.333333,1.2170385,2025M11,17,"Cellera de Ter, La"
1719001001,3,42,14.0,0.5769231,2025M11,17,Serinyà
1719101001,3,19,6.3333335,2.0,2025M11,17,Serra de Daró
1719201001,26,141,5.423077,6.3106794,2025M11,17,Setcases
1719301003,16,104,6.5,1.4222223,2025M11,17,Sils
1719301002,7,35,5.0,0.7121058,2025M11,17,Sils
1719301001,11,79,7.181818,1.1099899,2025M11,17,Sils
1719401001,11,75,6.818182,9.40171,2025M11,17,Susqueda
1719501001,14,99,7.071429,4.5751634,2025M11,17,"Tallada d'Empordà, La"
1719601001,8,36,4.5,4.3010755,2025M11,17,Terrades
1719701001,4,28,7.0,2.2727273,2025M11,17,Torrent
1719801001,20,150,7.5,4.3103447,2025M11,17,Torroella de Fluvià
1719901001,5,24,4.8,0.54229933,2025M11,17,Torroella de Montgrí
1719901002,1,6,6.0,0.1650165,2025M11,17,Torroella de Montgrí
1719901007,236,1354,5.737288,11.568627,2025M11,17,Torroella de Montgrí
1719901006,2,4,2.0,0.32362458,2025M11,17,Torroella de Montgrí
1719901005,2,8,4.0,0.37174723,2025M11,17,Torroella de Montgrí
1719901004,3,14,4.6666665,0.35629454,2025M11,17,Torroella de Montgrí
1719901003,689,3342,4.850508,11.177807,2025M11,17,Torroella de Montgrí
1720001001,2,14,7.0,0.47058824,2025M11,17,Tortellà
1720101001,13,70,5.3846154,5.284553,2025M11,17,Toses
1720201003,76,393,5.1710525,3.838384,2025M11,17,Tossa de Mar
1720201002,213,1094,5.1361504,7.6398854,2025M11,17,Tossa de Mar
1720201001,307,1668,5.4332247,13.136499,2025M11,17,Tossa de Mar
1720301001,8,42,5.25,6.451613,2025M11,17,Ultramort
1720401001,7,44,6.285714,1.3333334,2025M11,17,Ullà
1720501001,11,75,6.818182,5.5837564,2025M11,17,Ullastret
1720601001,5,40,8.0,1.4285715,2025M11,17,Urús
1720701001,15,129,8.6,1.9354838,2025M11,17,"Vall d'en Bas, La"
1720701002,15,123,8.2,1.8518518,2025M11,17,"Vall d'en Bas, La"
1720801001,18,124,6.888889,2.795031,2025M11,17,"Vall de Bianya, La"
1720901001,24,151,6.2916665,5.172414,2025M11,17,Vall-llobrega
1721001001,34,211,6.2058825,5.483871,2025M11,17,Ventalló
1721101001,5,33,6.6,0.7824726,2025M11,17,Verges
1721201001,7,43,6.142857,5.6910567,2025M11,17,Vidrà
1721301004,133,1049,7.887218,7.626147,2025M11,17,Vidreres
1721301002,4,31,7.75,0.67911714,2025M11,17,Vidreres
1721301001,5,36,7.2,0.5219207,2025M11,17,Vidreres
1721301003,22,143,6.5,2.0813622,2025M11,17,Vidreres
1721401001,1,8,8.0,0.2512563,2025M11,17,Vilabertran
1721501001,1,5,5.0,0.18115942,2025M11,17,Vilablareix
1721501002,0,0,0.0,0.0,2025M11,17,Vilablareix
1721601001,0,0,0.0,0.0,2025M11,17,Viladasens
1721701001,12,73,6.0833335,4.379562,2025M11,17,Viladamat
1721801001,16,151,9.4375,3.6697247,2025M11,17,Vilademuls
1722001001,26,227,8.730769,2.6342452,2025M11,17,Viladrau
1722101002,0,0,0.0,0.0,2025M11,17,Vilafant
1722101001,1,5,5.0,0.19723865,2025M11,17,Vilafant
1722101003,4,23,5.75,0.6557377,2025M11,17,Vilafant
1722101004,1,4,4.0,0.18761726,2025M11,17,Vilafant
1722201001,13,84,6.4615383,11.607142,2025M11,17,Vilaür
1722301001,5,43,8.6,0.8726004,2025M11,17,Vilajuïga
1722401001,23,107,4.652174,3.0343008,2025M11,17,Vilallonga de Ter
1722501001,5,51,10.2,2.7027028,2025M11,17,Vilamacolum
1722601001,2,14,7.0,0.4415011,2025M11,17,Vilamalla
1722701001,8,41,5.125,5.063291,2025M11,17,Vilamaniscle
1722801001,7,80,11.428572,3.3980582,2025M11,17,Vilanant
1723001001,1,15,15.0,0.33444816,2025M11,17,Vila-sacra
1723201001,13,80,6.1538463,6.0185184,2025M11,17,Vilopriu
1723301001,3,31,10.333333,0.7058824,2025M11,17,Vilobí d'Onyar
1723301002,6,41,6.8333335,0.6514658,2025M11,17,Vilobí d'Onyar
1723401001,0,0,0.0,0.0,2025M11,17,Biure
1790101001,22,168,7.6363635,2.8132992,2025M11,17,"Cruïlles, Monells i Sant Sadurní de l'Heura"
1790201002,38,263,6.9210525,6.270627,2025M11,17,Forallac
1790201001,5,21,4.2,1.1210762,2025M11,17,Forallac
1790301001,5,32,6.4,0.8130081,2025M11,17,Sant Julià del Llor i Bonmatí
2500101001,4,34,8.5,3.4188035,2025M11,25,Abella de la Conca
2500201001,27,185,6.851852,3.901734,2025M11,25,Àger
2500301004,3,12,4.0,0.41095892,2025M11,25,Agramunt
2500301003,1,16,16.0,0.10706638,2025M11,25,Agramunt
2500301002,3,32,10.666667,0.4878049,2025M11,25,Agramunt
2500301001,0,0,0.0,0.0,2025M11,25,Agramunt
2500401001,0,0,0.0,0.0,2025M11,25,"Alamús, Els"
2500501001,2,19,9.5,0.6557377,2025M11,25,Alàs i Cerc
2500601001,4,20,5.0,1.5936255,2025M11,25,"Albagés, L'"
2500701001,0,0,0.0,0.0,2025M11,25,Albatàrrec
2500801001,1,4,4.0,0.12870012,2025M11,25,Albesa
2500901001,1,10,10.0,0.1934236,2025M11,25,"Albi, L'"
2501001001,0,0,0.0,0.0,2025M11,25,Alcanó
2501101004,1,2,2.0,0.08410429,2025M11,25,Alcarràs
2501101003,1,4,4.0,0.11709602,2025M11,25,Alcarràs
2501101002,0,0,0.0,0.0,2025M11,25,Alcarràs
2501101001,0,0,0.0,0.0,2025M11,25,Alcarràs
2501201002,0,0,0.0,0.0,2025M11,25,Alcoletge
2501201001,3,25,8.333333,0.32608697,2025M11,25,Alcoletge
2501301002,0,0,0.0,0.0,2025M11,25,Alfarràs
2501301001,1,7,7.0,0.115207374,2025M11,25,Alfarràs
2501401001,0,0,0.0,0.0,2025M11,25,Alfés
2501501001,0,0,0.0,0.0,2025M11,25,Algerri
2501601002,0,0,0.0,0.0,2025M11,25,Alguaire
2501601001,1,21,21.0,0.11574074,2025M11,25,Alguaire
2501701001,14,79,5.642857,4.7945204,2025M11,25,Alins
2501902002,1,5,5.0,0.094607376,2025M11,25,Almacelles
2501902001,2,12,6.0,0.24242423,2025M11,25,Almacelles
2501901002,0,0,0.0,0.0,2025M11,25,Almacelles
2501901001,0,0,0.0,0.0,2025M11,25,Almacelles
2502001001,3,19,6.3333335,0.8902077,2025M11,25,Almatret
2502102002,1,7,7.0,0.13661203,2025M11,25,Almenar
2502102001,1,5,5.0,0.15015015,2025M11,25,Almenar
2502101001,0,0,0.0,0.0,2025M11,25,Almenar
2502201001,5,22,4.4,3.2051282,2025M11,25,Alòs de Balaguer
2502301003,0,0,0.0,0.0,2025M11,25,Alpicat
2502301002,0,0,0.0,0.0,2025M11,25,Alpicat
2502301001,0,0,0.0,0.0,2025M11,25,Alpicat
2502401001,53,271,5.1132073,6.83871,2025M11,25,Alt Àneu
2502501001,716,4724,6.5977654,15.042017,2025M11,25,Naut Aran
2502701001,0,0,0.0,0.0,2025M11,25,Anglesola
2502901002,3,24,8.0,0.38022813,2025M11,25,Arbeca
2502901001,6,27,4.5,0.7741935,2025M11,25,Arbeca
2503001001,8,34,4.25,4.371585,2025M11,25,"Pont de Bar, El"
2503101001,4,34,8.5,4.597701,2025M11,25,Arres
2503201001,3,19,6.3333335,3.2258065,2025M11,25,Arsèguel
2503301001,0,0,0.0,0.0,2025M11,25,Artesa de Lleida
2503401002,13,107,8.230769,1.109215,2025M11,25,Artesa de Segre
2503401001,0,0,0.0,0.0,2025M11,25,Artesa de Segre
2503501001,0,0,0.0,0.0,2025M11,25,"Sentiu de Sió, La"
2503601001,0,0,0.0,0.0,2025M11,25,Aspa
2503701001,9,50,5.5555553,2.2959185,2025M11,25,"Avellanes i Santa Linya, Les"
2503801002,1,7,7.0,0.1485884,2025M11,25,Aitona
2503801001,1,12,12.0,0.18348624,2025M11,25,Aitona
2503901001,8,61,7.625,1.9047619,2025M11,25,Baix Pallars
2504002001,3,19,6.3333335,0.2997003,2025M11,25,Balaguer
2504004004,0,0,0.0,0.0,2025M11,25,Balaguer
2504004003,0,0,0.0,0.0,2025M11,25,Balaguer
2504004002,0,0,0.0,0.0,2025M11,25,Balaguer
2504004001,0,0,0.0,0.0,2025M11,25,Balaguer
2504003002,4,20,5.0,0.62208396,2025M11,25,Balaguer
2504003001,2,7,3.5,0.12586533,2025M11,25,Balaguer
2504001002,3,20,6.6666665,0.41899443,2025M11,25,Balaguer
2504001001,10,62,6.2,1.0070493,2025M11,25,Balaguer
2504101001,0,0,0.0,0.0,2025M11,25,Barbens
2504201001,19,211,11.105263,13.194445,2025M11,25,"Baronia de Rialb, La"
2504301001,198,983,4.9646463,10.366492,2025M11,25,"Vall de Boí, La"
2504401001,3,38,12.666667,2.5641026,2025M11,25,Bassella
2504501001,2,10,5.0,2.2727273,2025M11,25,Bausen
2504601001,0,0,0.0,0.0,2025M11,25,Belianes
2504701001,2,22,11.0,0.28288543,2025M11,25,Bellcaire d'Urgell
2504801001,0,0,0.0,0.0,2025M11,25,Bell-lloc d'Urgell
2504801002,0,0,0.0,0.0,2025M11,25,Bell-lloc d'Urgell
2504901001,3,22,7.3333335,2.34375,2025M11,25,Bellmunt d'Urgell
2505001003,1,4,4.0,0.14430015,2025M11,25,Bellpuig
2505001001,0,0,0.0,0.0,2025M11,25,Bellpuig
2505001002,1,7,7.0,0.12269939,2025M11,25,Bellpuig
2505101001,50,341,6.82,1.9968051,2025M11,25,Bellver de Cerdanya
2505201001,0,0,0.0,0.0,2025M11,25,Bellvís
2505301001,0,0,0.0,0.0,2025M11,25,Benavent de Segrià
2505501001,2,31,15.5,1.2820513,2025M11,25,Biosca
2505601001,0,0,0.0,0.0,2025M11,25,Bovera
2505701001,18,116,6.4444447,5.9602647,2025M11,25,"Bòrdes, Es"
2505802002,1,6,6.0,0.118623964,2025M11,25,"Borges Blanques, Les"
2505802001,1,2,2.0,0.092678405,2025M11,25,"Borges Blanques, Les"
2505801002,0,0,0.0,0.0,2025M11,25,"Borges Blanques, Les"
2505801001,0,0,0.0,0.0,2025M11,25,"Borges Blanques, Les"
2505901001,17,100,5.882353,2.2193213,2025M11,25,Bossòst
2506001001,1,9,9.0,1.4492754,2025M11,25,Cabanabona
2506101001,2,23,11.5,1.8018018,2025M11,25,Cabó
2506201001,31,168,5.419355,3.8461537,2025M11,25,Camarasa
2506301001,4,32,8.0,3.9215686,2025M11,25,Canejan
2506401001,2,17,8.5,2.739726,2025M11,25,Castellar de la Ribera
2506701001,1,2,2.0,0.17730497,2025M11,25,Castelldans
2506801001,0,0,0.0,0.0,2025M11,25,Castellnou de Seana
2506901001,2,19,9.5,0.4878049,2025M11,25,Castelló de Farfanya
2507001001,0,0,0.0,0.0,2025M11,25,Castellserà
2507101001,3,26,8.666667,3.0,2025M11,25,Cava
2507203001,0,0,0.0,0.0,2025M11,25,Cervera
2507202003,0,0,0.0,0.0,2025M11,25,Cervera
2507202002,0,0,0.0,0.0,2025M11,25,Cervera
2507202001,1,2,2.0,0.10718114,2025M11,25,Cervera
2507201001,1,4,4.0,0.12987013,2025M11,25,Cervera
2507301001,4,38,9.5,0.6379585,2025M11,25,Cervià de les Garrigues
2507401001,0,0,0.0,0.0,2025M11,25,Ciutadilla
2507501001,0,0,0.0,0.0,2025M11,25,Clariana de Cardener
2507601001,0,0,0.0,0.0,2025M11,25,"Cogul, El"
2507701001,19,157,8.263158,3.3989267,2025M11,25,Coll de Nargó
2507801001,2,25,12.5,0.3053435,2025M11,25,Corbins
2507901001,2,14,7.0,0.5847953,2025M11,25,Cubells
2508101001,2,6,3.0,0.5780347,2025M11,25,"Espluga Calba, L'"
2508201001,34,176,5.1764708,8.173077,2025M11,25,Espot
2508501001,0,0,0.0,0.0,2025M11,25,Estaràs
2508601001,85,442,5.2,6.51341,2025M11,25,Esterri d'Àneu
2508701001,3,29,9.666667,4.9180326,2025M11,25,Esterri de Cardós
2508801001,1,8,8.0,1.1494253,2025M11,25,Estamariu
2508901001,8,55,6.875,8.163265,2025M11,25,Farrera
2509201001,0,0,0.0,0.0,2025M11,25,"Floresta, La"
2509301001,0,0,0.0,0.0,2025M11,25,Fondarella
2509401001,14,80,5.714286,8.045977,2025M11,25,Foradada
2509601001,1,12,12.0,0.16611296,2025M11,25,"Fuliola, La"
2509701001,4,15,3.75,3.539823,2025M11,25,Fulleda
2509801001,7,45,6.428571,2.2801304,2025M11,25,Gavet de la Conca
2509901001,1,2,2.0,0.11025358,2025M11,25,Golmés
2510001001,2,10,5.0,0.6006006,2025M11,25,Gósol
2510101001,2,8,4.0,0.38910505,2025M11,25,"Granadella, La"
2510201001,0,0,0.0,0.0,2025M11,25,"Granja d'Escarp, La"
2510301001,0,0,0.0,0.0,2025M11,25,Granyanella
2510401001,2,9,4.5,1.5748031,2025M11,25,Granyena de Segarra
2510501001,0,0,0.0,0.0,2025M11,25,Granyena de les Garrigues
2510901001,3,32,10.666667,0.65645516,2025M11,25,Guimerà
2511001003,0,0,0.0,0.0,2025M11,25,Guissona
2511001002,0,0,0.0,0.0,2025M11,25,Guissona
2511001001,0,0,0.0,0.0,2025M11,25,Guissona
2511101001,2,17,8.5,1.5151515,2025M11,25,Guixers
2511201001,5,33,6.6,2.7322404,2025M11,25,Ivars de Noguera
2511301002,1,9,9.0,0.22421525,2025M11,25,Ivars d'Urgell
2511301001,1,2,2.0,0.2793296,2025M11,25,Ivars d'Urgell
2511401001,0,0,0.0,0.0,2025M11,25,Ivorra
2511501001,13,98,7.5384617,1.109215,2025M11,25,Isona i Conca Dellà
2511801001,4,33,8.25,1.25,2025M11,25,Juncosa
2511901002,1,4,4.0,0.12254902,2025M11,25,Juneda
2511901001,0,0,0.0,0.0,2025M11,25,Juneda
2512009001,0,0,0.0,0.0,2025M11,25,Lleida
2512008003,0,0,0.0,0.0,2025M11,25,Lleida
2512009002,0,0,0.0,0.0,2025M11,25,Lleida
2512008002,0,0,0.0,0.0,2025M11,25,Lleida
2512008001,1,9,9.0,0.13020833,2025M11,25,Lleida
2512007006,0,0,0.0,0.0,2025M11,25,Lleida
2512007005,0,0,0.0,0.0,2025M11,25,Lleida
2512007004,0,0,0.0,0.0,2025M11,25,Lleida
2512007003,0,0,0.0,0.0,2025M11,25,Lleida
2512007002,0,0,0.0,0.0,2025M11,25,Lleida
2512007001,0,0,0.0,0.0,2025M11,25,Lleida
2512006017,0,0,0.0,0.0,2025M11,25,Lleida
2512006014,0,0,0.0,0.0,2025M11,25,Lleida
2512006012,0,0,0.0,0.0,2025M11,25,Lleida
2512006009,1,2,2.0,0.07336757,2025M11,25,Lleida
2512006007,0,0,0.0,0.0,2025M11,25,Lleida
2512006005,0,0,0.0,0.0,2025M11,25,Lleida
2512006004,0,0,0.0,0.0,2025M11,25,Lleida
2512006003,1,1,1.0,0.100603625,2025M11,25,Lleida
2512006002,6,32,5.3333335,0.625,2025M11,25,Lleida
2512006013,0,0,0.0,0.0,2025M11,25,Lleida
2512006001,14,51,3.642857,1.1263074,2025M11,25,Lleida
2512005012,0,0,0.0,0.0,2025M11,25,Lleida
2512005011,0,0,0.0,0.0,2025M11,25,Lleida
2512005009,0,0,0.0,0.0,2025M11,25,Lleida
2512005008,0,0,0.0,0.0,2025M11,25,Lleida
2512005007,0,0,0.0,0.0,2025M11,25,Lleida
2512005005,0,0,0.0,0.0,2025M11,25,Lleida
2512005004,0,0,0.0,0.0,2025M11,25,Lleida
2512005003,1,6,6.0,0.11792453,2025M11,25,Lleida
2512005002,2,8,4.0,0.2840909,2025M11,25,Lleida
2512004017,0,0,0.0,0.0,2025M11,25,Lleida
2512004016,0,0,0.0,0.0,2025M11,25,Lleida
2512004015,0,0,0.0,0.0,2025M11,25,Lleida
2512005006,0,0,0.0,0.0,2025M11,25,Lleida
2512004014,1,6,6.0,0.10288066,2025M11,25,Lleida
2512004013,0,0,0.0,0.0,2025M11,25,Lleida
2512004011,0,0,0.0,0.0,2025M11,25,Lleida
2512004010,0,0,0.0,0.0,2025M11,25,Lleida
2512005010,0,0,0.0,0.0,2025M11,25,Lleida
2512004008,0,0,0.0,0.0,2025M11,25,Lleida
2512004007,0,0,0.0,0.0,2025M11,25,Lleida
2512004006,0,0,0.0,0.0,2025M11,25,Lleida
2512004005,0,0,0.0,0.0,2025M11,25,Lleida
2512006011,0,0,0.0,0.0,2025M11,25,Lleida
2512006010,0,0,0.0,0.0,2025M11,25,Lleida
2512006006,0,0,0.0,0.0,2025M11,25,Lleida
2512004004,0,0,0.0,0.0,2025M11,25,Lleida
2512004003,4,24,6.0,0.36630037,2025M11,25,Lleida
2512004001,0,0,0.0,0.0,2025M11,25,Lleida
2512003008,3,12,4.0,0.4731861,2025M11,25,Lleida
2512003007,0,0,0.0,0.0,2025M11,25,Lleida
2512003006,3,17,5.6666665,0.36855036,2025M11,25,Lleida
2512006016,0,0,0.0,0.0,2025M11,25,Lleida
2512003005,0,0,0.0,0.0,2025M11,25,Lleida
2512003004,0,0,0.0,0.0,2025M11,25,Lleida
2512003003,1,2,2.0,0.070077084,2025M11,25,Lleida
2512003001,0,0,0.0,0.0,2025M11,25,Lleida
2512002009,0,0,0.0,0.0,2025M11,25,Lleida
2512002008,0,0,0.0,0.0,2025M11,25,Lleida
2512002006,0,0,0.0,0.0,2025M11,25,Lleida
2512007007,0,0,0.0,0.0,2025M11,25,Lleida
2512002005,0,0,0.0,0.0,2025M11,25,Lleida
2512002007,0,0,0.0,0.0,2025M11,25,Lleida
2512002004,0,0,0.0,0.0,2025M11,25,Lleida
2512008004,2,12,6.0,0.32051283,2025M11,25,Lleida
2512002003,0,0,0.0,0.0,2025M11,25,Lleida
2512002002,0,0,0.0,0.0,2025M11,25,Lleida
2512001014,1,6,6.0,0.13422818,2025M11,25,Lleida
2512001013,0,0,0.0,0.0,2025M11,25,Lleida
2512001012,1,2,2.0,0.1367989,2025M11,25,Lleida
2512001011,0,0,0.0,0.0,2025M11,25,Lleida
2512001010,0,0,0.0,0.0,2025M11,25,Lleida
2512001009,1,3,3.0,0.12180268,2025M11,25,Lleida
2512001008,1,1,1.0,0.08445946,2025M11,25,Lleida
2512001007,1,4,4.0,0.08006405,2025M11,25,Lleida
2512001006,0,0,0.0,0.0,2025M11,25,Lleida
2512001005,0,0,0.0,0.0,2025M11,25,Lleida
2512001004,1,2,2.0,0.09107468,2025M11,25,Lleida
2512001003,5,32,6.4,0.575374,2025M11,25,Lleida
2512001001,3,15,5.0,0.21321961,2025M11,25,Lleida
2512101001,28,159,5.678571,5.063291,2025M11,25,Les
2512201002,1,4,4.0,0.13175231,2025M11,25,Linyola
2512201001,1,4,4.0,0.14430015,2025M11,25,Linyola
2512301001,0,0,0.0,0.0,2025M11,25,Lladorre
2512401001,6,68,11.333333,4.958678,2025M11,25,Lladurs
2512501001,0,0,0.0,0.0,2025M11,25,Llardecans
2512601001,26,146,5.6153846,6.9333334,2025M11,25,Llavorsí
2512701001,5,31,6.2,1.552795,2025M11,25,Lles de Cerdanya
2512801001,4,32,8.0,2.5157232,2025M11,25,Llimiana
2512901001,1,12,12.0,1.2195122,2025M11,25,Llobera
2513001001,1,8,8.0,0.40160644,2025M11,25,Maldà
2513101001,0,0,0.0,0.0,2025M11,25,Massalcoreig
2513201001,2,10,5.0,1.5151515,2025M11,25,Massoteres
2513301001,1,7,7.0,0.1633987,2025M11,25,Maials
2513401001,0,0,0.0,0.0,2025M11,25,Menàrguens
2513501001,0,0,0.0,0.0,2025M11,25,Miralcamp
2513601001,5,34,6.8,0.0,2025M11,25,"Molsosa, La"
2513701006,4,16,4.0,0.37842953,2025M11,25,Mollerussa
2513701004,2,4,2.0,0.19900498,2025M11,25,Mollerussa
2513701003,0,0,0.0,0.0,2025M11,25,Mollerussa
2513701002,0,0,0.0,0.0,2025M11,25,Mollerussa
2513701001,1,3,3.0,0.075018756,2025M11,25,Mollerussa
2513701005,0,0,0.0,0.0,2025M11,25,Mollerussa
2513801001,0,0,0.0,0.0,2025M11,25,Montgai
2513901001,14,89,6.357143,2.0437956,2025M11,25,Montellà i Martinet
2514001001,15,90,6.0,1.6042781,2025M11,25,Montferrer i Castellbò
2514101001,4,21,5.25,1.9607843,2025M11,25,Montoliu de Segarra
2514201001,0,0,0.0,0.0,2025M11,25,Montoliu de Lleida
2514301001,1,10,10.0,1.2345679,2025M11,25,Montornès de Segarra
2514501001,1,12,12.0,0.8333333,2025M11,25,Nalec
2514601001,3,28,9.333333,1.4925373,2025M11,25,Navès
2514801001,18,151,8.388889,13.7404585,2025M11,25,Odèn
2514901001,6,52,8.666667,0.49099836,2025M11,25,Oliana
2515001001,2,26,13.0,1.5384616,2025M11,25,Oliola
2515101001,6,34,5.6666665,1.3392857,2025M11,25,Olius
2515201001,0,0,0.0,0.0,2025M11,25,"Oluges, Les"
2515301001,1,6,6.0,0.6535948,2025M11,25,"Omellons, Els"
2515401001,1,4,4.0,0.5405405,2025M11,25,"Omells de na Gaia, Els"
2515501001,6,42,7.0,0.73800737,2025M11,25,Organyà
2515601001,3,14,4.6666665,0.41666666,2025M11,25,Os de Balaguer
2515701001,0,0,0.0,0.0,2025M11,25,Ossó de Sió
2515801001,0,0,0.0,0.0,2025M11,25,"Palau d'Anglesola, El"
2516101001,12,96,8.0,2.2641509,2025M11,25,Conca de Dalt
2516301001,21,164,7.8095236,2.3782558,2025M11,25,"Coma i la Pedra, La"
2516401001,3,16,5.3333335,1.0204082,2025M11,25,Penelles
2516501001,9,45,5.0,2.903226,2025M11,25,Peramola
2516601001,1,12,12.0,0.90909094,2025M11,25,Pinell de Solsonès
2516701001,0,0,0.0,0.0,2025M11,25,Pinós
2516801001,0,0,0.0,0.0,2025M11,25,"Poal, El"
2516901001,4,18,4.5,1.3422819,2025M11,25,"Pobla de Cérvoles, La"
2517001001,1,7,7.0,0.4830918,2025M11,25,Bellaguarda
2517101002,11,62,5.6363635,0.8409786,2025M11,25,"Pobla de Segur, La"
2517101001,7,32,4.571429,0.6102877,2025M11,25,"Pobla de Segur, La"
2517201002,2,28,14.0,0.23201856,2025M11,25,Ponts
2517201001,4,24,6.0,0.6033183,2025M11,25,Ponts
2517301002,8,52,6.5,1.4285715,2025M11,25,"Pont de Suert, El"
2517301001,22,134,6.090909,1.6260163,2025M11,25,"Pont de Suert, El"
2517401001,0,0,0.0,0.0,2025M11,25,"Portella, La"
2517501001,9,63,7.0,1.6216216,2025M11,25,Prats i Sansor
2517601001,5,22,4.4,2.0242915,2025M11,25,Preixana
2517701001,5,32,6.4,1.6611296,2025M11,25,Preixens
2517901001,5,34,6.8,1.8518518,2025M11,25,Prullans
2518001001,8,45,5.625,4.519774,2025M11,25,Puiggròs
2518101001,2,22,11.0,1.6260163,2025M11,25,Puigverd d'Agramunt
2518201001,1,11,11.0,0.13280213,2025M11,25,Puigverd de Lleida
2518301001,68,378,5.5588236,8.374384,2025M11,25,Rialp
2518501001,6,30,5.0,0.9244992,2025M11,25,Ribera d'Urgellet
2518601001,2,14,7.0,1.5384616,2025M11,25,Riner
2518901001,0,0,0.0,0.0,2025M11,25,Rosselló
2519001001,6,26,4.3333335,1.2987013,2025M11,25,Salàs de Pallars
2519101001,2,12,6.0,0.53475934,2025M11,25,Sanaüja
2519201001,2,9,4.5,0.29027575,2025M11,25,Sant Guim de Freixenet
2519301001,23,142,6.173913,1.9878998,2025M11,25,Sant Llorenç de Morunys
2519401001,0,0,0.0,0.0,2025M11,25,Sant Ramon
2519601001,2,21,10.5,1.3422819,2025M11,25,Sant Esteve de la Sarga
2519701001,2,24,12.0,1.9417475,2025M11,25,Sant Guim de la Plana
2520001001,1,8,8.0,0.4032258,2025M11,25,Sarroca de Lleida
2520101001,9,93,10.333333,3.1034484,2025M11,25,Sarroca de Bellera
2520201001,4,18,4.5,1.1428572,2025M11,25,Senterada
2520301007,6,50,8.333333,0.4750594,2025M11,25,"Seu d'Urgell, La"
2520301006,2,6,3.0,0.22421525,2025M11,25,"Seu d'Urgell, La"
2520301005,2,9,4.5,0.18674137,2025M11,25,"Seu d'Urgell, La"
2520301004,3,18,6.0,0.21929824,2025M11,25,"Seu d'Urgell, La"
2520301003,2,20,10.0,0.19607843,2025M11,25,"Seu d'Urgell, La"
2520301002,8,38,4.75,0.7117438,2025M11,25,"Seu d'Urgell, La"
2520301001,2,11,5.5,0.26881722,2025M11,25,"Seu d'Urgell, La"
2520401002,1,12,12.0,0.2004008,2025M11,25,Seròs
2520401001,1,10,10.0,0.22123894,2025M11,25,Seròs
2520501001,0,0,0.0,0.0,2025M11,25,Sidamon
2520601001,0,0,0.0,0.0,2025M11,25,"Soleràs, El"
2520702002,8,43,5.375,0.78585464,2025M11,25,Solsona
2520701001,4,20,5.0,0.3539823,2025M11,25,Solsona
2520701002,2,12,6.0,0.21052632,2025M11,25,Solsona
2520701003,3,16,5.3333335,0.373599,2025M11,25,Solsona
2520702001,15,109,7.266667,1.2048193,2025M11,25,Solsona
2520801001,16,108,6.75,4.2328043,2025M11,25,Soriguera
2520901001,73,472,6.4657536,3.322713,2025M11,25,Sort
2521001001,0,0,0.0,0.0,2025M11,25,Soses
2521101001,0,0,0.0,0.0,2025M11,25,Sudanell
2521201001,1,7,7.0,0.5464481,2025M11,25,Sunyer
2521501001,4,18,4.5,1.1461318,2025M11,25,Talarn
2521601001,3,14,4.6666665,1.6759777,2025M11,25,Talavera
2521704002,2,8,4.0,0.21621622,2025M11,25,Tàrrega
2521704001,2,20,10.0,0.3539823,2025M11,25,Tàrrega
2521703002,0,0,0.0,0.0,2025M11,25,Tàrrega
2521703001,1,6,6.0,0.12077295,2025M11,25,Tàrrega
2521703003,0,0,0.0,0.0,2025M11,25,Tàrrega
2521702003,0,0,0.0,0.0,2025M11,25,Tàrrega
2521702002,3,10,3.3333333,0.2979146,2025M11,25,Tàrrega
2521702001,7,68,9.714286,0.78740156,2025M11,25,Tàrrega
2521701002,7,54,7.714286,0.6499536,2025M11,25,Tàrrega
2521701001,1,7,7.0,0.07674597,2025M11,25,Tàrrega
2521801001,4,26,6.5,3.6363637,2025M11,25,Tarrés
2521901001,0,0,0.0,0.0,2025M11,25,Tarroja de Segarra
2522001001,0,0,0.0,0.0,2025M11,25,Térmens
2522101001,0,0,0.0,0.0,2025M11,25,Tírvia
2522201001,3,21,7.0,0.0,2025M11,25,Tiurana
2522301001,8,35,4.375,1.0457517,2025M11,25,Torà
2522401001,0,0,0.0,0.0,2025M11,25,"Torms, Els"
2522501001,1,10,10.0,0.20080322,2025M11,25,Tornabous
2522601001,0,0,0.0,0.0,2025M11,25,Torrebesses
2522701001,18,101,5.611111,2.3968043,2025M11,25,"Torre de Cabdella, La"
2522801002,0,0,0.0,0.0,2025M11,25,Torrefarrera
2522801001,1,5,5.0,0.10438413,2025M11,25,Torrefarrera
2523001001,4,31,7.75,0.36133695,2025M11,25,Torregrossa
2523101001,0,0,0.0,0.0,2025M11,25,Torrelameu
2523201001,1,8,8.0,0.08896797,2025M11,25,Torres de Segre
2523301001,0,0,0.0,0.0,2025M11,25,Torre-serona
2523403001,18,105,5.8333335,2.0713463,2025M11,25,Tremp
2523402002,16,96,6.0,1.3640239,2025M11,25,Tremp
2523402001,9,44,4.888889,0.8434864,2025M11,25,Tremp
2523401001,10,63,6.3,1.3793104,2025M11,25,Tremp
2523401002,15,120,8.0,1.6759777,2025M11,25,Tremp
2523801001,6,51,8.5,2.0338984,2025M11,25,Vallbona de les Monges
2523901001,10,72,7.2,1.5128593,2025M11,25,"Valls de Valira, Les"
2524001001,2,20,10.0,0.21621622,2025M11,25,Vallfogona de Balaguer
2524201001,2,16,8.0,0.31152648,2025M11,25,Verdú
2524301003,61,363,5.9508195,3.767758,2025M11,25,Vielha e Mijaran
2524301002,131,830,6.335878,5.2673903,2025M11,25,Vielha e Mijaran
2524301001,43,266,6.1860466,3.5655057,2025M11,25,Vielha e Mijaran
2524401001,0,0,0.0,0.0,2025M11,25,Vilagrassa
2524501001,17,77,4.529412,2.9616725,2025M11,25,Vilaller
2524701001,5,21,4.2,2.9940119,2025M11,25,Vilamòs
2524801001,1,6,6.0,0.18050541,2025M11,25,Vilanova de Bellpuig
2524901001,1,17,17.0,0.78125,2025M11,25,Vilanova de l'Aguda
2525001001,7,58,8.285714,1.3565892,2025M11,25,Vilanova de Meià
2525101001,0,0,0.0,0.0,2025M11,25,Vilanova de Segrià
2525201001,8,33,4.125,2.346041,2025M11,25,Vila-sana
2525301001,6,40,6.6666665,2.5104601,2025M11,25,"Vilosell, El"
2525401001,1,6,6.0,0.17421603,2025M11,25,Vilanova de la Barca
2525501001,4,32,8.0,1.0498688,2025M11,25,Vinaixa
2590101001,10,57,5.7,1.8181819,2025M11,25,Vall de Cardós
2590201001,5,37,7.4,0.95238096,2025M11,25,Sant Martí de Riucorb
2590301001,17,114,6.7058825,3.926097,2025M11,25,"Guingueta d'Àneu, La"
2590401001,11,74,6.7272725,6.395349,2025M11,25,Castell de Mur
2590501001,2,20,10.0,0.63492066,2025M11,25,Ribera d'Ondara
2590601001,8,53,6.625,2.768166,2025M11,25,"Valls d'Aguilar, Les"
2590701001,2,5,2.5,0.45351472,2025M11,25,Torrefeta i Florejacs
2590801001,5,22,4.4,1.7123288,2025M11,25,Fígols i Alinyà
2590901001,2,19,9.5,0.88495576,2025M11,25,"Vansa i Fórnols, La"
2591001001,0,0,0.0,0.0,2025M11,25,Josa i Tuixén
2591101001,8,56,7.0,2.0725389,2025M11,25,"Plans de Sió, Els"
2591201001,0,0,0.0,0.0,2025M11,25,Gimenells i el Pla de la Font
2591301001,2,16,8.0,1.6129032,2025M11,25,Riu de Cerdanya
4300101001,6,46,7.6666665,0.6849315,2025M11,43,Aiguamúrcia
4300201001,8,48,6.0,0.5044136,2025M11,43,Albinyana
4300301001,7,64,9.142858,2.5735295,2025M11,43,"Albiol, L'"
4300402002,4,19,4.75,1.010101,2025M11,43,Alcanar
4300402001,6,47,7.8333335,0.9836066,2025M11,43,Alcanar
4300401004,0,0,0.0,0.0,2025M11,43,Alcanar
4300401003,180,1161,6.45,3.4951456,2025M11,43,Alcanar
4300401002,3,39,13.0,0.3968254,2025M11,43,Alcanar
4300401001,8,54,6.75,0.921659,2025M11,43,Alcanar
4300502001,11,98,8.909091,0.7222587,2025M11,43,Alcover
4300501001,1,7,7.0,0.08264463,2025M11,43,Alcover
4300601001,8,38,4.75,1.24805,2025M11,43,Aldover
4300701001,5,38,7.6,0.75757575,2025M11,43,"Aleixar, L'"
4300801001,9,49,5.4444447,1.9067796,2025M11,43,Alfara de Carles
4300901001,13,117,9.0,1.0466989,2025M11,43,Alforja
4301001001,0,0,0.0,0.0,2025M11,43,Alió
4301101001,8,79,9.875,1.263823,2025M11,43,Almoster
4301201003,6,29,4.8333335,0.5042017,2025M11,43,Altafulla
4301201002,70,388,5.542857,2.537151,2025M11,43,Altafulla
4301201001,14,72,5.142857,1.5521064,2025M11,43,Altafulla
4301301003,705,5225,7.4113474,12.3338,2025M11,43,"Ametlla de Mar, L'"
4301301002,52,234,4.5,5.093046,2025M11,43,"Ametlla de Mar, L'"
4301301001,66,315,4.7727275,4.260813,2025M11,43,"Ametlla de Mar, L'"
4301404006,3,14,4.6666665,0.19788918,2025M11,43,Amposta
4301404005,2,9,4.5,0.18083182,2025M11,43,Amposta
4301404004,1,2,2.0,0.06775068,2025M11,43,Amposta
4301404003,5,19,3.8,0.41841003,2025M11,43,Amposta
4301404002,2,5,2.5,0.2522068,2025M11,43,Amposta
4301404001,0,0,0.0,0.0,2025M11,43,Amposta
4301403002,3,15,5.0,0.2851711,2025M11,43,Amposta
4301403001,2,11,5.5,0.34542313,2025M11,43,Amposta
4301402002,0,0,0.0,0.0,2025M11,43,Amposta
4301402001,4,21,5.25,0.7677543,2025M11,43,Amposta
4301401002,115,717,6.2347827,6.760729,2025M11,43,Amposta
4301401001,3,11,3.6666667,0.5328597,2025M11,43,Amposta
4301501001,8,43,5.375,6.8965516,2025M11,43,Arbolí
4301601002,4,18,4.5,0.5502063,2025M11,43,"Arboç, L'"
4301601001,3,27,9.0,0.17605634,2025M11,43,"Arboç, L'"
4301701001,0,0,0.0,0.0,2025M11,43,"Argentera, L'"
4301801001,15,82,5.4666667,2.9761906,2025M11,43,Arnes
4301901001,1,2,2.0,0.10764263,2025M11,43,Ascó
4302001002,4,21,5.25,0.5457026,2025M11,43,Banyeres del Penedès
4302001001,4,47,11.75,0.4494382,2025M11,43,Banyeres del Penedès
4302101001,4,22,5.5,0.9049774,2025M11,43,Barberà de la Conca
4302201002,5,23,4.6,0.85470086,2025M11,43,Batea
4302201001,2,7,3.5,0.38387716,2025M11,43,Batea
4302301001,1,5,5.0,0.30769232,2025M11,43,Bellmunt del Priorat
4302401001,7,41,5.857143,0.52122116,2025M11,43,Bellvei
4302501001,13,80,6.1538463,2.5742574,2025M11,43,Benifallet
4302601001,9,61,6.7777777,1.3782542,2025M11,43,Benissanet
4302701001,7,28,4.0,3.5714285,2025M11,43,"Bisbal de Falset, La"
4302801002,4,22,5.5,0.22209883,2025M11,43,"Bisbal del Penedès, La"
4302801001,8,59,7.375,0.6944444,2025M11,43,"Bisbal del Penedès, La"
4302901001,0,0,0.0,0.0,2025M11,43,Blancafort
4303001001,6,55,9.166667,1.0362694,2025M11,43,Bonastre
4303101001,5,24,4.8,0.44722718,2025M11,43,"Borges del Camp, Les"
4303201001,11,84,7.6363635,2.3109243,2025M11,43,Bot
4303301001,7,41,5.857143,1.1864407,2025M11,43,Botarell
4303401001,0,0,0.0,0.0,2025M11,43,Bràfim
4303501001,2,12,6.0,0.8583691,2025M11,43,Cabacés
4303601001,7,60,8.571428,0.7246377,2025M11,43,Cabra del Camp
4303704001,8,65,8.125,0.89186174,2025M11,43,Calafell
4303703004,103,535,5.194175,1.5407629,2025M11,43,Calafell
4303703003,29,124,4.275862,1.2083334,2025M11,43,Calafell
4303703002,35,254,7.257143,1.7948718,2025M11,43,Calafell
4303703001,18,108,6.0,0.9478673,2025M11,43,Calafell
4303702003,40,234,5.85,2.0491803,2025M11,43,Calafell
4303702002,111,716,6.4504504,2.5605536,2025M11,43,Calafell
4303702001,72,344,4.7777777,2.9788995,2025M11,43,Calafell
4303701003,19,111,5.8421054,1.2632979,2025M11,43,Calafell
4303701002,12,99,8.25,0.7067138,2025M11,43,Calafell
4303701001,11,64,5.818182,0.8,2025M11,43,Calafell
4303802010,113,694,6.141593,3.525741,2025M11,43,Cambrils
4303802009,17,108,6.352941,1.2696042,2025M11,43,Cambrils
4303802008,6,31,5.1666665,0.794702,2025M11,43,Cambrils
4303802007,27,161,5.962963,1.7578125,2025M11,43,Cambrils
4303802006,300,1782,5.94,4.783163,2025M11,43,Cambrils
4303802005,131,710,5.4198475,3.580213,2025M11,43,Cambrils
4303802004,10,65,6.5,1.1820331,2025M11,43,Cambrils
4303802003,171,888,5.1929827,3.605313,2025M11,43,Cambrils
4303802002,40,217,5.425,2.9006526,2025M11,43,Cambrils
4303802001,102,600,5.882353,5.1961284,2025M11,43,Cambrils
4303801006,1,12,12.0,0.1285347,2025M11,43,Cambrils
4303801005,0,0,0.0,0.0,2025M11,43,Cambrils
4303801004,3,17,5.6666665,0.6122449,2025M11,43,Cambrils
4303801003,10,49,4.9,0.70372975,2025M11,43,Cambrils
4303801002,2,8,4.0,0.16611296,2025M11,43,Cambrils
4303801001,15,74,4.9333334,1.0302198,2025M11,43,Cambrils
4303901001,4,27,6.75,2.2222223,2025M11,43,Capafonts
4304001001,2,8,4.0,0.6756757,2025M11,43,Capçanes
4304101001,5,26,5.2,2.3255813,2025M11,43,Caseres
4304201002,3,22,7.3333335,0.3931848,2025M11,43,Castellvell del Camp
4304201001,0,0,0.0,0.0,2025M11,43,Castellvell del Camp
4304301002,3,29,9.666667,0.38510913,2025M11,43,"Catllar, El"
4304301001,14,101,7.214286,0.7194245,2025M11,43,"Catllar, El"
4304402002,1,6,6.0,0.22026432,2025M11,43,"Sénia, La"
4304402001,1,15,15.0,0.07570022,2025M11,43,"Sénia, La"
4304401001,4,30,7.5,0.3125,2025M11,43,"Sénia, La"
4304501001,3,20,6.6666665,2.542373,2025M11,43,Colldejou
4304601001,0,0,0.0,0.0,2025M11,43,Conesa
4304702001,4,26,6.5,0.2777778,2025M11,43,Constantí
4304701002,0,0,0.0,0.0,2025M11,43,Constantí
4304701001,1,4,4.0,0.09363296,2025M11,43,Constantí
4304801001,9,50,5.5555553,1.8218623,2025M11,43,Corbera d'Ebre
4304901001,48,245,5.1041665,5.7831326,2025M11,43,Cornudella de Montsant
4305001002,73,430,5.890411,2.903739,2025M11,43,Creixell
4305001001,43,278,6.4651165,2.801303,2025M11,43,Creixell
4305101005,31,209,6.7419353,1.1724659,2025M11,43,Cunit
4305101004,64,332,5.1875,1.6697104,2025M11,43,Cunit
4305101003,35,173,4.9428573,1.141925,2025M11,43,Cunit
4305101002,20,125,6.25,1.0887316,2025M11,43,Cunit
4305101001,25,157,6.28,1.5169903,2025M11,43,Cunit
4305201001,9,120,13.333333,1.0526316,2025M11,43,Xerta
4305301001,4,21,5.25,1.9230769,2025M11,43,Duesaigües
4305402001,4,27,6.75,0.36663613,2025M11,43,"Espluga de Francolí, L'"
4305401001,4,14,3.5,0.31421837,2025M11,43,"Espluga de Francolí, L'"
4305502001,8,41,5.125,0.7692308,2025M11,43,Falset
4305501001,7,26,3.7142856,1.0416666,2025M11,43,Falset
4305601001,2,24,12.0,0.31496063,2025M11,43,"Fatarella, La"
4305701001,1,6,6.0,1.754386,2025M11,43,"Febró, La"
4305801001,2,19,9.5,1.081081,2025M11,43,"Figuera, La"
4305901001,6,31,5.1666665,2.3166022,2025M11,43,Figuerola del Camp
4306002001,2,8,4.0,0.34246576,2025M11,43,Flix
4306001002,0,0,0.0,0.0,2025M11,43,Flix
4306001001,3,14,4.6666665,0.27700832,2025M11,43,Flix
4306101001,5,29,5.8,5.6179776,2025M11,43,Forès
4306201001,0,0,0.0,0.0,2025M11,43,Freginals
4306301001,8,40,5.0,1.6293279,2025M11,43,"Galera, La"
4306402001,10,69,6.9,1.5673981,2025M11,43,Gandesa
4306401001,4,18,4.5,0.4716981,2025M11,43,Gandesa
4306501001,2,12,6.0,0.486618,2025M11,43,Garcia
4306601001,0,0,0.0,0.0,2025M11,43,"Garidells, Els"
4306701001,2,22,11.0,0.33955857,2025M11,43,Ginestar
4306801001,5,44,8.8,0.9174312,2025M11,43,Godall
4306901001,5,25,5.0,2.293578,2025M11,43,Gratallops
4307001001,0,0,0.0,0.0,2025M11,43,"Guiamets, Els"
4307101001,33,224,6.787879,3.3536584,2025M11,43,Horta de Sant Joan
4307201001,3,18,6.0,2.4390244,2025M11,43,"Lloar, El"
4307301001,0,0,0.0,0.0,2025M11,43,Llorac
4307401001,5,31,6.2,0.45004502,2025M11,43,Llorenç del Penedès
4307501001,29,117,4.034483,18.238995,2025M11,43,Margalef
4307601001,2,10,5.0,0.40650406,2025M11,43,Marçà
4307701001,0,0,0.0,0.0,2025M11,43,Mas de Barberans
4307801001,5,31,6.2,0.6648936,2025M11,43,Masdenverge
4307901001,3,22,7.3333335,0.6849315,2025M11,43,Masllorenç
4308001001,0,0,0.0,0.0,2025M11,43,"Masó, La"
4308101001,2,10,5.0,0.42553192,2025M11,43,Maspujols
4308201001,9,42,4.6666665,2.493075,2025M11,43,"Masroig, El"
4308301001,0,0,0.0,0.0,2025M11,43,"Milà, El"
4308401001,10,53,5.3,2.0408163,2025M11,43,Miravet
4308501001,0,0,0.0,0.0,2025M11,43,"Molar, El"
4308602003,3,17,5.6666665,0.49423394,2025M11,43,Montblanc
4308602002,7,44,6.285714,0.5150846,2025M11,43,Montblanc
4308602001,9,44,4.888889,0.88932806,2025M11,43,Montblanc
4308601001,22,118,5.3636365,2.247191,2025M11,43,Montblanc
4308801002,3,12,4.0,0.34843206,2025M11,43,Montbrió del Camp
4308801001,1,8,8.0,0.1183432,2025M11,43,Montbrió del Camp
4308901001,4,18,4.5,1.2383901,2025M11,43,Montferri
4309001001,16,115,7.1875,0.920069,2025M11,43,"Montmell, El"
4309101001,7,55,7.857143,3.5,2025M11,43,Mont-ral
4309201008,227,1373,6.048458,6.0597973,2025M11,43,Mont-roig del Camp
4309201007,184,972,5.2826085,5.7589984,2025M11,43,Mont-roig del Camp
4309201006,97,596,6.14433,5.2517595,2025M11,43,Mont-roig del Camp
4309201005,146,928,6.3561645,6.0032897,2025M11,43,Mont-roig del Camp
4309201004,148,882,5.9594593,6.0334287,2025M11,43,Mont-roig del Camp
4309201003,2,10,5.0,0.2857143,2025M11,43,Mont-roig del Camp
4309201002,65,436,6.707692,4.9354596,2025M11,43,Mont-roig del Camp
4309201001,7,44,6.285714,0.72090626,2025M11,43,Mont-roig del Camp
4309302001,12,65,5.4166665,1.2698413,2025M11,43,Móra d'Ebre
4309301002,4,21,5.25,0.29651594,2025M11,43,Móra d'Ebre
4309301001,4,16,4.0,0.46893317,2025M11,43,Móra d'Ebre
4309402001,4,20,5.0,0.60240966,2025M11,43,Móra la Nova
4309401001,1,7,7.0,0.11248594,2025M11,43,Móra la Nova
4309501002,0,0,0.0,0.0,2025M11,43,"Morell, El"
4309501001,3,14,4.6666665,0.28680688,2025M11,43,"Morell, El"
4309601001,12,73,6.0833335,7.4074073,2025M11,43,"Morera de Montsant, La"
4309701001,0,0,0.0,0.0,2025M11,43,"Nou de Gaià, La"
4309801001,1,8,8.0,0.2967359,2025M11,43,Nulles
4309901001,1,9,9.0,0.34843206,2025M11,43,"Palma d'Ebre, La"
4310001003,0,0,0.0,0.0,2025M11,43,"Pallaresos, Els"
4310001002,1,4,4.0,0.16233766,2025M11,43,"Pallaresos, Els"
4310001001,1,9,9.0,0.12870012,2025M11,43,"Pallaresos, Els"
4310101001,2,9,4.5,0.8,2025M11,43,Passanant i Belltall
4310201001,9,79,8.777778,2.6392963,2025M11,43,Paüls
4310301001,0,0,0.0,0.0,2025M11,43,Perafort
4310401002,65,416,6.4,3.4927459,2025M11,43,"Perelló, El"
4310401001,27,103,3.8148148,2.3663454,2025M11,43,"Perelló, El"
4310501001,3,22,7.3333335,1.8072289,2025M11,43,"Piles, Les"
4310601001,6,40,6.6666665,1.1173184,2025M11,43,"Pinell de Brai, El"
4310701001,0,0,0.0,0.0,2025M11,43,Pira
4310801001,0,0,0.0,0.0,2025M11,43,"Pla de Santa Maria, El"
4310901002,1,7,7.0,0.26455027,2025M11,43,"Pobla de Mafumet, La"
4310901001,0,0,0.0,0.0,2025M11,43,"Pobla de Mafumet, La"
4311001001,2,22,11.0,0.754717,2025M11,43,"Pobla de Massaluca, La"
4311101002,13,87,6.6923075,0.89102125,2025M11,43,"Pobla de Montornès, La"
4311101001,6,35,5.8333335,0.86206895,2025M11,43,"Pobla de Montornès, La"
4311201001,10,54,5.4,2.739726,2025M11,43,Poboleda
4311301001,0,0,0.0,0.0,2025M11,43,"Pont d'Armentera, El"
4311401001,7,35,5.0,2.1604939,2025M11,43,Porrera
4311501001,1,7,7.0,0.6060606,2025M11,43,Pradell de la Teixeta
4311601001,29,171,5.8965516,3.1659389,2025M11,43,Prades
4311701001,5,48,9.6,2.8901734,2025M11,43,Prat de Comte
4311801001,20,137,6.85,2.5773196,2025M11,43,Pratdip
4311901001,5,22,4.4,0.8333333,2025M11,43,Puigpelat
4312001001,6,59,9.833333,0.7822686,2025M11,43,Querol
4312101001,13,59,4.5384617,1.9287834,2025M11,43,Rasquera
4312201001,2,4,2.0,2.5316455,2025M11,43,Renau
4312309002,3,37,12.333333,0.8130081,2025M11,43,Reus
4312309001,4,32,8.0,0.661157,2025M11,43,Reus
4312308007,2,12,6.0,0.14716704,2025M11,43,Reus
4312308005,1,8,8.0,0.18115942,2025M11,43,Reus
4312308004,0,0,0.0,0.0,2025M11,43,Reus
4312308003,0,0,0.0,0.0,2025M11,43,Reus
4312308002,1,6,6.0,0.1992032,2025M11,43,Reus
4312308001,0,0,0.0,0.0,2025M11,43,Reus
4312307005,0,0,0.0,0.0,2025M11,43,Reus
4312307003,1,6,6.0,0.10111223,2025M11,43,Reus
4312307001,0,0,0.0,0.0,2025M11,43,Reus
4312306013,1,8,8.0,0.2183406,2025M11,43,Reus
4312306012,1,4,4.0,0.17921147,2025M11,43,Reus
4312306009,0,0,0.0,0.0,2025M11,43,Reus
4312306008,1,5,5.0,0.17064847,2025M11,43,Reus
4312306007,0,0,0.0,0.0,2025M11,43,Reus
4312306005,1,2,2.0,0.09416196,2025M11,43,Reus
4312306004,1,6,6.0,0.124223605,2025M11,43,Reus
4312306003,3,5,1.6666666,0.28089887,2025M11,43,Reus
4312306002,1,4,4.0,0.17513135,2025M11,43,Reus
4312306001,1,3,3.0,0.17730497,2025M11,43,Reus
4312305007,0,0,0.0,0.0,2025M11,43,Reus
4312305005,1,3,3.0,0.10373444,2025M11,43,Reus
4312305004,0,0,0.0,0.0,2025M11,43,Reus
4312305003,0,0,0.0,0.0,2025M11,43,Reus
4312305002,0,0,0.0,0.0,2025M11,43,Reus
4312305001,2,8,4.0,0.1912046,2025M11,43,Reus
4312304008,0,0,0.0,0.0,2025M11,43,Reus
4312304007,1,6,6.0,0.13661203,2025M11,43,Reus
4312304005,0,0,0.0,0.0,2025M11,43,Reus
4312304004,0,0,0.0,0.0,2025M11,43,Reus
4312304003,2,12,6.0,0.14981273,2025M11,43,Reus
4312304002,0,0,0.0,0.0,2025M11,43,Reus
4312303013,0,0,0.0,0.0,2025M11,43,Reus
4312303012,0,0,0.0,0.0,2025M11,43,Reus
4312303011,0,0,0.0,0.0,2025M11,43,Reus
4312303010,1,6,6.0,0.14164306,2025M11,43,Reus
4312303009,0,0,0.0,0.0,2025M11,43,Reus
4312303008,2,8,4.0,0.25510204,2025M11,43,Reus
4312306006,2,12,6.0,0.17699115,2025M11,43,Reus
4312306011,0,0,0.0,0.0,2025M11,43,Reus
4312307002,0,0,0.0,0.0,2025M11,43,Reus
4312303007,0,0,0.0,0.0,2025M11,43,Reus
4312303005,0,0,0.0,0.0,2025M11,43,Reus
4312303004,0,0,0.0,0.0,2025M11,43,Reus
4312303003,3,14,4.6666665,0.5033557,2025M11,43,Reus
4312308006,0,0,0.0,0.0,2025M11,43,Reus
4312303001,2,12,6.0,0.18450184,2025M11,43,Reus
4312302015,0,0,0.0,0.0,2025M11,43,Reus
4312302014,0,0,0.0,0.0,2025M11,43,Reus
4312302013,0,0,0.0,0.0,2025M11,43,Reus
4312310001,0,0,0.0,0.0,2025M11,43,Reus
4312302012,0,0,0.0,0.0,2025M11,43,Reus
4312302011,0,0,0.0,0.0,2025M11,43,Reus
4312302010,1,9,9.0,0.11235955,2025M11,43,Reus
4312302009,0,0,0.0,0.0,2025M11,43,Reus
4312302008,1,13,13.0,0.16778524,2025M11,43,Reus
4312302007,0,0,0.0,0.0,2025M11,43,Reus
4312302006,0,0,0.0,0.0,2025M11,43,Reus
4312302004,1,3,3.0,0.10288066,2025M11,43,Reus
4312302003,0,0,0.0,0.0,2025M11,43,Reus
4312302002,2,16,8.0,0.16934802,2025M11,43,Reus
4312302001,3,5,1.6666666,0.37878788,2025M11,43,Reus
4312301003,2,10,5.0,0.15760441,2025M11,43,Reus
4312301002,4,16,4.0,0.23880596,2025M11,43,Reus
4312301001,0,0,0.0,0.0,2025M11,43,Reus
4312401001,0,0,0.0,0.0,2025M11,43,"Riba, La"
4312501001,3,12,4.0,0.34129694,2025M11,43,Riba-roja d'Ebre
4312601001,20,143,7.15,2.301496,2025M11,43,"Riera de Gaià, La"
4312701001,20,216,10.8,2.610966,2025M11,43,Riudecanyes
4312801001,6,70,11.666667,0.84388185,2025M11,43,Riudecols
4312902003,0,0,0.0,0.0,2025M11,43,Riudoms
4312902002,1,28,28.0,0.105374075,2025M11,43,Riudoms
4312902001,18,192,10.666667,1.2008005,2025M11,43,Riudoms
4312901001,2,20,10.0,0.31007752,2025M11,43,Riudoms
4313001001,0,0,0.0,0.0,2025M11,43,Rocafort de Queralt
4313101003,10,80,8.0,0.7936508,2025M11,43,Roda de Berà
4313101002,125,808,6.464,2.220643,2025M11,43,Roda de Berà
4313101001,25,181,7.24,1.3347571,2025M11,43,Roda de Berà
4313201001,2,9,4.5,0.5194805,2025M11,43,Rodonyà
4313302002,5,18,3.6,0.28985506,2025M11,43,Roquetes
4313302001,2,16,8.0,0.1774623,2025M11,43,Roquetes
4313301002,1,5,5.0,0.12771392,2025M11,43,Roquetes
4313301001,1,6,6.0,0.15197569,2025M11,43,Roquetes
4313401001,1,11,11.0,0.53475934,2025M11,43,"Rourell, El"
4313501001,1,4,4.0,0.28328612,2025M11,43,Salomó
4313602005,56,307,5.482143,3.6482084,2025M11,43,"Ràpita, La"
4313602004,22,113,5.1363635,2.3354564,2025M11,43,"Ràpita, La"
4313602003,43,209,4.860465,2.8514588,2025M11,43,"Ràpita, La"
4313602002,20,96,4.8,2.793296,2025M11,43,"Ràpita, La"
4313602001,18,90,5.0,2.9605262,2025M11,43,"Ràpita, La"
4313601005,29,142,4.8965516,2.8292682,2025M11,43,"Ràpita, La"
4313601004,13,57,4.3846154,1.006192,2025M11,43,"Ràpita, La"
4313601003,13,66,5.076923,1.7980636,2025M11,43,"Ràpita, La"
4313601002,17,84,4.9411764,1.4808363,2025M11,43,"Ràpita, La"
4313601001,89,477,5.3595505,3.4536283,2025M11,43,"Ràpita, La"
4313701001,12,92,7.6666665,0.8097166,2025M11,43,Sant Jaume dels Domenys
4313802001,4,16,4.0,0.3710575,2025M11,43,Santa Bàrbara
4313801001,2,18,9.0,0.16313213,2025M11,43,Santa Bàrbara
4313902001,1,12,12.0,0.17331022,2025M11,43,Santa Coloma de Queralt
4313901001,1,4,4.0,0.09930486,2025M11,43,Santa Coloma de Queralt
4314001002,2,9,4.5,0.22026432,2025M11,43,Santa Oliva
4314001001,7,84,12.0,0.85261875,2025M11,43,Santa Oliva
4314101001,1,6,6.0,0.49019608,2025M11,43,Pontils
4314201001,1,6,6.0,0.1017294,2025M11,43,Sarral
4314301001,3,34,11.333333,3.4482758,2025M11,43,Savallà del Comtat
4314401001,5,33,6.6,0.50968397,2025M11,43,"Secuita, La"
4314502002,0,0,0.0,0.0,2025M11,43,"Selva del Camp, La"
4314502001,2,28,14.0,0.25,2025M11,43,"Selva del Camp, La"
4314501001,3,18,6.0,0.23006135,2025M11,43,"Selva del Camp, La"
4314601001,2,16,8.0,3.2258065,2025M11,43,Senan
4314701001,0,0,0.0,0.0,2025M11,43,Solivella
4314809010,0,0,0.0,0.0,2025M11,43,Tarragona
4314809009,0,0,0.0,0.0,2025M11,43,Tarragona
4314809004,0,0,0.0,0.0,2025M11,43,Tarragona
4314809003,0,0,0.0,0.0,2025M11,43,Tarragona
4314809002,1,6,6.0,0.19193858,2025M11,43,Tarragona
4314808014,0,0,0.0,0.0,2025M11,43,Tarragona
4314808013,0,0,0.0,0.0,2025M11,43,Tarragona
4314808012,0,0,0.0,0.0,2025M11,43,Tarragona
4314808011,0,0,0.0,0.0,2025M11,43,Tarragona
4314808010,0,0,0.0,0.0,2025M11,43,Tarragona
4314808009,0,0,0.0,0.0,2025M11,43,Tarragona
4314808008,0,0,0.0,0.0,2025M11,43,Tarragona
4314808006,0,0,0.0,0.0,2025M11,43,Tarragona
4314808005,0,0,0.0,0.0,2025M11,43,Tarragona
4314808004,0,0,0.0,0.0,2025M11,43,Tarragona
4314808002,0,0,0.0,0.0,2025M11,43,Tarragona
4314808001,0,0,0.0,0.0,2025M11,43,Tarragona
4314807023,5,38,7.6,0.6793478,2025M11,43,Tarragona
4314807021,1,9,9.0,0.12642226,2025M11,43,Tarragona
4314807020,2,10,5.0,0.24096386,2025M11,43,Tarragona
4314807019,1,6,6.0,0.09017133,2025M11,43,Tarragona
4314807018,0,0,0.0,0.0,2025M11,43,Tarragona
4314807017,2,12,6.0,0.2415459,2025M11,43,Tarragona
4314807016,109,710,6.5137615,5.5217834,2025M11,43,Tarragona
4314807015,0,0,0.0,0.0,2025M11,43,Tarragona
4314807013,13,99,7.6153846,0.9601182,2025M11,43,Tarragona
4314807012,0,0,0.0,0.0,2025M11,43,Tarragona
4314807011,0,0,0.0,0.0,2025M11,43,Tarragona
4314807008,0,0,0.0,0.0,2025M11,43,Tarragona
4314807007,22,130,5.909091,1.9366198,2025M11,43,Tarragona
4314807006,0,0,0.0,0.0,2025M11,43,Tarragona
4314807005,0,0,0.0,0.0,2025M11,43,Tarragona
4314807004,0,0,0.0,0.0,2025M11,43,Tarragona
4314807003,2,9,4.5,0.18214937,2025M11,43,Tarragona
4314807002,2,9,4.5,0.124455504,2025M11,43,Tarragona
4314807001,3,18,6.0,0.3131524,2025M11,43,Tarragona
4314806016,3,20,6.6666665,0.25466892,2025M11,43,Tarragona
4314806015,1,6,6.0,0.14619882,2025M11,43,Tarragona
4314806013,2,12,6.0,0.4415011,2025M11,43,Tarragona
4314807010,3,12,4.0,0.40160644,2025M11,43,Tarragona
4314807014,1,6,6.0,0.21321961,2025M11,43,Tarragona
4314806012,2,12,6.0,0.20554985,2025M11,43,Tarragona
4314806011,5,32,6.4,0.63131315,2025M11,43,Tarragona
4314806010,5,30,6.0,0.5740528,2025M11,43,Tarragona
4314806009,2,12,6.0,0.17376195,2025M11,43,Tarragona
4314806008,7,42,6.0,0.64043915,2025M11,43,Tarragona
4314806006,1,2,2.0,0.22321428,2025M11,43,Tarragona
4314806005,0,0,0.0,0.0,2025M11,43,Tarragona
4314806004,29,122,4.206897,4.341317,2025M11,43,Tarragona
4314807022,0,0,0.0,0.0,2025M11,43,Tarragona
4314808003,0,0,0.0,0.0,2025M11,43,Tarragona
4314806003,8,39,4.875,0.61823803,2025M11,43,Tarragona
4314806002,8,48,6.0,0.56179774,2025M11,43,Tarragona
4314806001,9,55,6.111111,1.1349306,2025M11,43,Tarragona
4314805008,5,24,4.8,0.5813953,2025M11,43,Tarragona
4314808007,0,0,0.0,0.0,2025M11,43,Tarragona
4314805007,24,141,5.875,3.8897893,2025M11,43,Tarragona
4314805006,8,35,4.375,1.263823,2025M11,43,Tarragona
4314805005,22,97,4.409091,2.1133525,2025M11,43,Tarragona
4314805004,6,30,5.0,0.8415147,2025M11,43,Tarragona
4314805003,25,128,5.12,2.0868113,2025M11,43,Tarragona
4314805002,13,73,5.6153846,1.5116279,2025M11,43,Tarragona
4314805001,22,168,7.6363635,2.5374856,2025M11,43,Tarragona
4314804016,2,12,6.0,0.2528445,2025M11,43,Tarragona
4314809001,0,0,0.0,0.0,2025M11,43,Tarragona
4314804015,8,48,6.0,1.5473888,2025M11,43,Tarragona
4314804014,1,6,6.0,0.12254902,2025M11,43,Tarragona
4314804012,2,12,6.0,0.39138943,2025M11,43,Tarragona
4314804010,5,29,5.8,0.73855245,2025M11,43,Tarragona
4314809008,0,0,0.0,0.0,2025M11,43,Tarragona
4314804009,2,12,6.0,0.2610966,2025M11,43,Tarragona
4314804008,4,23,5.75,0.50955415,2025M11,43,Tarragona
4314804007,2,12,6.0,0.44345897,2025M11,43,Tarragona
4314804006,3,18,6.0,0.42432815,2025M11,43,Tarragona
4314804005,2,12,6.0,0.42372882,2025M11,43,Tarragona
4314804004,6,32,5.3333335,0.96930534,2025M11,43,Tarragona
4314804003,8,47,5.875,1.4545455,2025M11,43,Tarragona
4314804002,5,30,6.0,0.91240877,2025M11,43,Tarragona
4314804001,19,112,5.894737,1.687389,2025M11,43,Tarragona
4314803003,7,42,6.0,0.92715234,2025M11,43,Tarragona
4314803002,29,163,5.62069,2.5283349,2025M11,43,Tarragona
4314803001,78,422,5.4102564,9.363746,2025M11,43,Tarragona
4314802001,87,491,5.643678,8.169014,2025M11,43,Tarragona
4314801001,102,562,5.509804,8.056872,2025M11,43,Tarragona
4314901001,7,36,5.142857,1.0479041,2025M11,43,Tivenys
4315001001,20,90,4.5,1.614205,2025M11,43,Tivissa
4315101001,0,0,0.0,0.0,2025M11,43,"Torre de Fontaubella, La"
4315201001,2,11,5.5,0.5012531,2025M11,43,"Torre de l'Espanyol, La"
4315301008,49,307,6.265306,2.2940075,2025M11,43,Torredembarra
4315301007,34,152,4.470588,2.0987654,2025M11,43,Torredembarra
4315301006,14,67,4.785714,0.87554723,2025M11,43,Torredembarra
4315301005,12,52,4.3333335,1.0169492,2025M11,43,Torredembarra
4315301004,8,43,5.375,0.7428041,2025M11,43,Torredembarra
4315301003,80,395,4.9375,3.569835,2025M11,43,Torredembarra
4315301002,180,1051,5.838889,5.4678006,2025M11,43,Torredembarra
4315301001,12,42,3.5,0.85227275,2025M11,43,Torredembarra
4315401001,7,37,5.285714,4.0,2025M11,43,Torroja del Priorat
4315504009,0,0,0.0,0.0,2025M11,43,Tortosa
4315504008,0,0,0.0,0.0,2025M11,43,Tortosa
4315504006,0,0,0.0,0.0,2025M11,43,Tortosa
4315504005,0,0,0.0,0.0,2025M11,43,Tortosa
4315504004,0,0,0.0,0.0,2025M11,43,Tortosa
4315504007,2,13,6.5,0.2224694,2025M11,43,Tortosa
4315504003,0,0,0.0,0.0,2025M11,43,Tortosa
4315504002,1,1,1.0,0.15243903,2025M11,43,Tortosa
4315504001,0,0,0.0,0.0,2025M11,43,Tortosa
4315503004,9,42,4.6666665,0.64469916,2025M11,43,Tortosa
4315503002,8,34,4.25,0.9852217,2025M11,43,Tortosa
4315503001,3,15,5.0,0.18691589,2025M11,43,Tortosa
4315502005,15,61,4.0666666,1.7301039,2025M11,43,Tortosa
4315502004,1,8,8.0,0.22271715,2025M11,43,Tortosa
4315502003,2,8,4.0,0.18604651,2025M11,43,Tortosa
4315502002,6,66,11.0,0.5459509,2025M11,43,Tortosa
4315501007,0,0,0.0,0.0,2025M11,43,Tortosa
4315501006,0,0,0.0,0.0,2025M11,43,Tortosa
4315501005,1,6,6.0,0.09541985,2025M11,43,Tortosa
4315501004,1,4,4.0,0.10235415,2025M11,43,Tortosa
4315501003,1,6,6.0,0.1321004,2025M11,43,Tortosa
4315501002,0,0,0.0,0.0,2025M11,43,Tortosa
4315501001,2,8,4.0,0.28612304,2025M11,43,Tortosa
4315602001,7,31,4.428571,0.5564388,2025M11,43,Ulldecona
4315601002,2,8,4.0,0.14695077,2025M11,43,Ulldecona
4315601001,8,38,4.75,0.61208874,2025M11,43,Ulldecona
4315701001,10,59,5.9,2.3041475,2025M11,43,Ulldemolins
4315801001,2,12,6.0,1.438849,2025M11,43,Vallclara
4315901001,0,0,0.0,0.0,2025M11,43,Vallfogona de Riucorb
4316001001,2,18,9.0,0.19267823,2025M11,43,Vallmoll
4316106006,0,0,0.0,0.0,2025M11,43,Valls
4316106005,1,4,4.0,0.13386881,2025M11,43,Valls
4316106004,1,1,1.0,0.1490313,2025M11,43,Valls
4316106003,0,0,0.0,0.0,2025M11,43,Valls
4316106002,0,0,0.0,0.0,2025M11,43,Valls
4316106001,0,0,0.0,0.0,2025M11,43,Valls
4316105003,0,0,0.0,0.0,2025M11,43,Valls
4316105002,0,0,0.0,0.0,2025M11,43,Valls
4316105001,0,0,0.0,0.0,2025M11,43,Valls
4316104003,1,10,10.0,0.09920635,2025M11,43,Valls
4316104002,3,24,8.0,0.26666668,2025M11,43,Valls
4316104001,0,0,0.0,0.0,2025M11,43,Valls
4316103001,0,0,0.0,0.0,2025M11,43,Valls
4316102001,0,0,0.0,0.0,2025M11,43,Valls
4316101001,0,0,0.0,0.0,2025M11,43,Valls
4316201004,51,262,5.1372547,2.6659696,2025M11,43,Vandellòs i l'Hospitalet de l'Infant
4316201003,15,98,6.5333333,0.91463417,2025M11,43,Vandellòs i l'Hospitalet de l'Infant
4316201002,64,360,5.625,4.048071,2025M11,43,Vandellòs i l'Hospitalet de l'Infant
4316201001,13,66,5.076923,1.6688062,2025M11,43,Vandellòs i l'Hospitalet de l'Infant
4316303013,4,29,7.25,0.45146728,2025M11,43,"Vendrell, El"
4316303011,0,0,0.0,0.0,2025M11,43,"Vendrell, El"
4316303010,0,0,0.0,0.0,2025M11,43,"Vendrell, El"
4316303009,72,423,5.875,2.560455,2025M11,43,"Vendrell, El"
4316303012,38,263,6.9210525,1.7707362,2025M11,43,"Vendrell, El"
4316303008,0,0,0.0,0.0,2025M11,43,"Vendrell, El"
4316303007,68,406,5.970588,1.8458197,2025M11,43,"Vendrell, El"
4316303006,0,0,0.0,0.0,2025M11,43,"Vendrell, El"
4316303005,0,0,0.0,0.0,2025M11,43,"Vendrell, El"
4316303004,0,0,0.0,0.0,2025M11,43,"Vendrell, El"
4316303003,95,492,5.1789474,1.3146969,2025M11,43,"Vendrell, El"
4316303002,1,8,8.0,0.08695652,2025M11,43,"Vendrell, El"
4316303001,0,0,0.0,0.0,2025M11,43,"Vendrell, El"
4316302005,17,133,7.8235292,1.0455104,2025M11,43,"Vendrell, El"
4316302004,1,9,9.0,0.08481764,2025M11,43,"Vendrell, El"
4316302003,4,27,6.75,0.3081664,2025M11,43,"Vendrell, El"
4316302002,1,6,6.0,0.097087376,2025M11,43,"Vendrell, El"
4316302001,3,16,5.3333335,0.41322315,2025M11,43,"Vendrell, El"
4316301003,0,0,0.0,0.0,2025M11,43,"Vendrell, El"
4316301002,0,0,0.0,0.0,2025M11,43,"Vendrell, El"
4316301001,0,0,0.0,0.0,2025M11,43,"Vendrell, El"
4316401001,8,92,11.5,1.8475751,2025M11,43,Vespella de Gaià
4316501001,0,0,0.0,0.0,2025M11,43,Vilabella
4316601001,2,6,3.0,0.16820858,2025M11,43,Vilallonga del Camp
4316701001,6,64,10.666667,1.5503876,2025M11,43,Vilanova d'Escornalbou
4316801001,1,3,3.0,0.75757575,2025M11,43,Vilanova de Prades
4316901001,2,7,3.5,0.60240966,2025M11,43,Vilaplana
4317001001,2,8,4.0,0.2366864,2025M11,43,Vila-rodona
4317101013,174,962,5.5287356,0.0,2025M11,43,Vila-seca
4317101012,5,40,8.0,1.4326648,2025M11,43,Vila-seca
4317101011,4,24,6.0,0.41237113,2025M11,43,Vila-seca
4317101010,0,0,0.0,0.0,2025M11,43,Vila-seca
4317101009,1,6,6.0,0.15015015,2025M11,43,Vila-seca
4317101008,232,1322,5.698276,2.5277839,2025M11,43,Vila-seca
4317101007,0,0,0.0,0.0,2025M11,43,Vila-seca
4317101006,0,0,0.0,0.0,2025M11,43,Vila-seca
4317101005,2,14,7.0,0.28328612,2025M11,43,Vila-seca
4317101004,1,6,6.0,0.17574692,2025M11,43,Vila-seca
4317101003,0,0,0.0,0.0,2025M11,43,Vila-seca
4317101002,8,56,7.0,0.8016032,2025M11,43,Vila-seca
4317101001,0,0,0.0,0.0,2025M11,43,Vila-seca
4317201001,2,12,6.0,0.60240966,2025M11,43,Vilaverd
4317301001,3,30,10.0,2.586207,2025M11,43,"Vilella Alta, La"
4317401001,14,82,5.857143,6.19469,2025M11,43,"Vilella Baixa, La"
4317501001,7,33,4.714286,1.6431925,2025M11,43,Vilalba dels Arcs
4317601001,10,58,5.8,1.3850416,2025M11,43,Vimbodí i Poblet
4317701001,2,9,4.5,0.61728394,2025M11,43,Vinebre
4317801001,15,83,5.5333333,0.98039216,2025M11,43,Vinyols i els Arcs
4390101006,51,313,6.1372547,4.047619,2025M11,43,Deltebre
4390101005,28,207,7.392857,3.2110093,2025M11,43,Deltebre
4390101004,411,2593,6.3090024,19.797688,2025M11,43,Deltebre
4390101003,16,95,5.9375,2.7072759,2025M11,43,Deltebre
4390101002,44,221,5.0227275,3.2934132,2025M11,43,Deltebre
4390101001,35,174,4.9714284,3.1305904,2025M11,43,Deltebre
4390201002,57,311,5.4561405,3.5669587,2025M11,43,Sant Jaume d'Enveja
4390201001,58,383,6.6034484,6.4444447,2025M11,43,Sant Jaume d'Enveja
4390301002,36,327,9.083333,7.4074073,2025M11,43,Camarles
4390301001,22,189,8.590909,1.4276444,2025M11,43,Camarles
4390401002,7,54,7.714286,0.5843072,2025M11,43,"Aldea, L'"
4390401001,10,60,6.0,0.73421437,2025M11,43,"Aldea, L'"
4390501012,9,54,6.0,1.2113055,2025M11,43,Salou
4390501011,43,255,5.9302325,2.9291553,2025M11,43,Salou
4390501010,6,44,7.3333335,0.6329114,2025M11,43,Salou
4390501009,2,12,6.0,0.32258064,2025M11,43,Salou
4390501008,21,124,5.904762,1.7128874,2025M11,43,Salou
4390501007,37,213,5.756757,1.9649496,2025M11,43,Salou
4390501006,698,4161,5.961318,9.332799,2025M11,43,Salou
4390501005,5,29,5.8,0.69156295,2025M11,43,Salou
4390501004,133,771,5.7969923,4.5377007,2025M11,43,Salou
4390501003,6,35,5.8333335,0.7968128,2025M11,43,Salou
4390501002,694,3955,5.6988473,8.863346,2025M11,43,Salou
4390501001,503,3030,6.0238566,10.225656,2025M11,43,Salou
4390601002,136,930,6.8382354,5.657238,2025M11,43,"Ampolla, L'"
4390601001,128,822,6.421875,4.8650703,2025M11,43,"Ampolla, L'"
4390701004,0,0,0.0,0.0,2025M11,43,"Canonja, La"
4390701003,0,0,0.0,0.0,2025M11,43,"Canonja, La"
4390701002,0,0,0.0,0.0,2025M11,43,"Canonja, La"
4390701001,1,6,6.0,0.14836796,2025M11,43,"Canonja, La"
